image_path,task,x_norm,y_norm,done,confidence
augmented_data\images\image_000001_aug0.png, 0   , 0.475 , 0.6833, 0   , 1
augmented_data\images\image_000001_aug1.png, 0   , 0.475 , 0.6833, 0   , 1
augmented_data\images\image_000001_aug2.png, 0   , 0.475 , 0.6833, 0   , 1
augmented_data\images\image_000001_aug3.png, 0   , 0.475 , 0.6833, 0   , 1
augmented_data\images\image_000001_aug4.png, 0   , 0.475 , 0.6833, 0   , 1
augmented_data\images\image_000002_aug0.png, 0   , 0.0   , 0.0   , 0   , 0
augmented_data\images\image_000002_aug1.png, 0   , 0.0   , 0.0   , 0   , 0
augmented_data\images\image_000002_aug2.png, 0   , 0.0   , 0.0   , 0   , 0
augmented_data\images\image_000002_aug3.png, 0   , 0.0   , 0.0   , 0   , 0
augmented_data\images\image_000002_aug4.png, 0   , 0.0   , 0.0   , 0   , 0
augmented_data\images\image_000003_aug0.png, 0   , 0.0   , 0.0   , 0   , 0
augmented_data\images\image_000003_aug1.png, 0   , 0.0   , 0.0   , 0   , 0
augmented_data\images\image_000003_aug2.png, 0   , 0.0   , 0.0   , 0   , 0
augmented_data\images\image_000003_aug3.png, 0   , 0.0   , 0.0   , 0   , 0
augmented_data\images\image_000003_aug4.png, 0   , 0.0   , 0.0   , 0   , 0
augmented_data\images\image_000004_aug0.png, 0   , 0.874 , 0.8981, 0   , 1
augmented_data\images\image_000004_aug1.png, 0   , 0.874 , 0.8981, 0   , 1
augmented_data\images\image_000004_aug2.png, 0   , 0.874 , 0.8981, 0   , 1
augmented_data\images\image_000004_aug3.png, 0   , 0.874 , 0.8981, 0   , 1
augmented_data\images\image_000004_aug4.png, 0   , 0.874 , 0.8981, 0   , 1
augmented_data\images\image_000005_aug0.png, 0   , 0.0   , 0.0   , 1   , 1
augmented_data\images\image_000005_aug1.png, 0   , 0.0   , 0.0   , 1   , 1
augmented_data\images\image_000005_aug2.png, 0   , 0.0   , 0.0   , 1   , 1
augmented_data\images\image_000005_aug3.png, 0   , 0.0   , 0.0   , 1   , 1
augmented_data\images\image_000005_aug4.png, 0   , 0.0   , 0.0   , 1   , 1
augmented_data\images\image_000006_aug0.png, 0   , 0.499 , 0.5685, 0   , 1
augmented_data\images\image_000006_aug1.png, 0   , 0.499 , 0.5685, 0   , 1
augmented_data\images\image_000006_aug2.png, 0   , 0.499 , 0.5685, 0   , 1
augmented_data\images\image_000006_aug3.png, 0   , 0.499 , 0.5685, 0   , 1
augmented_data\images\image_000006_aug4.png, 0   , 0.499 , 0.5685, 0   , 1
augmented_data\images\image_000007_aug0.png, 0   , 0.475 , 0.6833, 0   , 1
augmented_data\images\image_000007_aug1.png, 0   , 0.475 , 0.6833, 0   , 1
augmented_data\images\image_000007_aug2.png, 0   , 0.475 , 0.6833, 0   , 1
augmented_data\images\image_000007_aug3.png, 0   , 0.475 , 0.6833, 0   , 1
augmented_data\images\image_000007_aug4.png, 0   , 0.475 , 0.6833, 0   , 1
augmented_data\images\image_000008_aug0.png, 0   , 0.0   , 0.0   , 0   , 0
augmented_data\images\image_000008_aug1.png, 0   , 0.0   , 0.0   , 0   , 0
augmented_data\images\image_000008_aug2.png, 0   , 0.0   , 0.0   , 0   , 0
augmented_data\images\image_000008_aug3.png, 0   , 0.0   , 0.0   , 0   , 0
augmented_data\images\image_000008_aug4.png, 0   , 0.0   , 0.0   , 0   , 0
augmented_data\images\image_000009_aug0.png, 0   , 0.0   , 0.0   , 0   , 0
augmented_data\images\image_000009_aug1.png, 0   , 0.0   , 0.0   , 0   , 0
augmented_data\images\image_000009_aug2.png, 0   , 0.0   , 0.0   , 0   , 0
augmented_data\images\image_000009_aug3.png, 0   , 0.0   , 0.0   , 0   , 0
augmented_data\images\image_000009_aug4.png, 0   , 0.0   , 0.0   , 0   , 0
augmented_data\images\image_000010_aug0.png, 0   , 0.874 , 0.8981, 0   , 1
augmented_data\images\image_000010_aug1.png, 0   , 0.874 , 0.8981, 0   , 1
augmented_data\images\image_000010_aug2.png, 0   , 0.874 , 0.8981, 0   , 1
augmented_data\images\image_000010_aug3.png, 0   , 0.874 , 0.8981, 0   , 1
augmented_data\images\image_000010_aug4.png, 0   , 0.874 , 0.8981, 0   , 1
augmented_data\images\image_000011_aug0.png, 0   , 0.0   , 0.0   , 1   , 1
augmented_data\images\image_000011_aug1.png, 0   , 0.0   , 0.0   , 1   , 1
augmented_data\images\image_000011_aug2.png, 0   , 0.0   , 0.0   , 1   , 1
augmented_data\images\image_000011_aug3.png, 0   , 0.0   , 0.0   , 1   , 1
augmented_data\images\image_000011_aug4.png, 0   , 0.0   , 0.0   , 1   , 1
augmented_data\images\image_000012_aug0.png, 0   , 0.499 , 0.5685, 0   , 1
augmented_data\images\image_000012_aug1.png, 0   , 0.499 , 0.5685, 0   , 1
augmented_data\images\image_000012_aug2.png, 0   , 0.499 , 0.5685, 0   , 1
augmented_data\images\image_000012_aug3.png, 0   , 0.499 , 0.5685, 0   , 1
augmented_data\images\image_000012_aug4.png, 0   , 0.499 , 0.5685, 0   , 1
augmented_data\images\image_000013_aug0.png, 0   , 0.475 , 0.6833, 0   , 1
augmented_data\images\image_000013_aug1.png, 0   , 0.475 , 0.6833, 0   , 1
augmented_data\images\image_000013_aug2.png, 0   , 0.475 , 0.6833, 0   , 1
augmented_data\images\image_000013_aug3.png, 0   , 0.475 , 0.6833, 0   , 1
augmented_data\images\image_000013_aug4.png, 0   , 0.475 , 0.6833, 0   , 1
augmented_data\images\image_000014_aug0.png, 0   , 0.0   , 0.0   , 0   , 0
augmented_data\images\image_000014_aug1.png, 0   , 0.0   , 0.0   , 0   , 0
augmented_data\images\image_000014_aug2.png, 0   , 0.0   , 0.0   , 0   , 0
augmented_data\images\image_000014_aug3.png, 0   , 0.0   , 0.0   , 0   , 0
augmented_data\images\image_000014_aug4.png, 0   , 0.0   , 0.0   , 0   , 0
augmented_data\images\image_000015_aug0.png, 0   , 0.0   , 0.0   , 0   , 0
augmented_data\images\image_000015_aug1.png, 0   , 0.0   , 0.0   , 0   , 0
augmented_data\images\image_000015_aug2.png, 0   , 0.0   , 0.0   , 0   , 0
augmented_data\images\image_000015_aug3.png, 0   , 0.0   , 0.0   , 0   , 0
augmented_data\images\image_000015_aug4.png, 0   , 0.0   , 0.0   , 0   , 0
augmented_data\images\image_000016_aug0.png, 0   , 0.874 , 0.8981, 0   , 1
augmented_data\images\image_000016_aug1.png, 0   , 0.874 , 0.8981, 0   , 1
augmented_data\images\image_000016_aug2.png, 0   , 0.874 , 0.8981, 0   , 1
augmented_data\images\image_000016_aug3.png, 0   , 0.874 , 0.8981, 0   , 1
augmented_data\images\image_000016_aug4.png, 0   , 0.874 , 0.8981, 0   , 1
augmented_data\images\image_000017_aug0.png, 0   , 0.0   , 0.0   , 1   , 1
augmented_data\images\image_000017_aug1.png, 0   , 0.0   , 0.0   , 1   , 1
augmented_data\images\image_000017_aug2.png, 0   , 0.0   , 0.0   , 1   , 1
augmented_data\images\image_000017_aug3.png, 0   , 0.0   , 0.0   , 1   , 1
augmented_data\images\image_000017_aug4.png, 0   , 0.0   , 0.0   , 1   , 1
augmented_data\images\image_000018_aug0.png, 0   , 0.499 , 0.5685, 0   , 1
augmented_data\images\image_000018_aug1.png, 0   , 0.499 , 0.5685, 0   , 1
augmented_data\images\image_000018_aug2.png, 0   , 0.499 , 0.5685, 0   , 1
augmented_data\images\image_000018_aug3.png, 0   , 0.499 , 0.5685, 0   , 1
augmented_data\images\image_000018_aug4.png, 0   , 0.499 , 0.5685, 0   , 1
augmented_data\images\image_000019_aug0.png, 0   , 0.475 , 0.6833, 0   , 1
augmented_data\images\image_000019_aug1.png, 0   , 0.475 , 0.6833, 0   , 1
augmented_data\images\image_000019_aug2.png, 0   , 0.475 , 0.6833, 0   , 1
augmented_data\images\image_000019_aug3.png, 0   , 0.475 , 0.6833, 0   , 1
augmented_data\images\image_000019_aug4.png, 0   , 0.475 , 0.6833, 0   , 1
augmented_data\images\image_000020_aug0.png, 0   , 0.0   , 0.0   , 0   , 0
augmented_data\images\image_000020_aug1.png, 0   , 0.0   , 0.0   , 0   , 0
augmented_data\images\image_000020_aug2.png, 0   , 0.0   , 0.0   , 0   , 0
augmented_data\images\image_000020_aug3.png, 0   , 0.0   , 0.0   , 0   , 0
augmented_data\images\image_000020_aug4.png, 0   , 0.0   , 0.0   , 0   , 0
augmented_data\images\image_000021_aug0.png, 0   , 0.0   , 0.0   , 0   , 0
augmented_data\images\image_000021_aug1.png, 0   , 0.0   , 0.0   , 0   , 0
augmented_data\images\image_000021_aug2.png, 0   , 0.0   , 0.0   , 0   , 0
augmented_data\images\image_000021_aug3.png, 0   , 0.0   , 0.0   , 0   , 0
augmented_data\images\image_000021_aug4.png, 0   , 0.0   , 0.0   , 0   , 0
augmented_data\images\image_000022_aug0.png, 0   , 0.874 , 0.8981, 0   , 1
augmented_data\images\image_000022_aug1.png, 0   , 0.874 , 0.8981, 0   , 1
augmented_data\images\image_000022_aug2.png, 0   , 0.874 , 0.8981, 0   , 1
augmented_data\images\image_000022_aug3.png, 0   , 0.874 , 0.8981, 0   , 1
augmented_data\images\image_000022_aug4.png, 0   , 0.874 , 0.8981, 0   , 1
augmented_data\images\image_000023_aug0.png, 0   , 0.0   , 0.0   , 1   , 1
augmented_data\images\image_000023_aug1.png, 0   , 0.0   , 0.0   , 1   , 1
augmented_data\images\image_000023_aug2.png, 0   , 0.0   , 0.0   , 1   , 1
augmented_data\images\image_000023_aug3.png, 0   , 0.0   , 0.0   , 1   , 1
augmented_data\images\image_000023_aug4.png, 0   , 0.0   , 0.0   , 1   , 1
augmented_data\images\image_000024_aug0.png, 0   , 0.499 , 0.5685, 0   , 1
augmented_data\images\image_000024_aug1.png, 0   , 0.499 , 0.5685, 0   , 1
augmented_data\images\image_000024_aug2.png, 0   , 0.499 , 0.5685, 0   , 1
augmented_data\images\image_000024_aug3.png, 0   , 0.499 , 0.5685, 0   , 1
augmented_data\images\image_000024_aug4.png, 0   , 0.499 , 0.5685, 0   , 1
augmented_data\images\image_000025_aug0.png, 0   , 0.475 , 0.6833, 0   , 1
augmented_data\images\image_000025_aug1.png, 0   , 0.475 , 0.6833, 0   , 1
augmented_data\images\image_000025_aug2.png, 0   , 0.475 , 0.6833, 0   , 1
augmented_data\images\image_000025_aug3.png, 0   , 0.475 , 0.6833, 0   , 1
augmented_data\images\image_000025_aug4.png, 0   , 0.475 , 0.6833, 0   , 1
augmented_data\images\image_000026_aug0.png, 0   , 0.0   , 0.0   , 0   , 0
augmented_data\images\image_000026_aug1.png, 0   , 0.0   , 0.0   , 0   , 0
augmented_data\images\image_000026_aug2.png, 0   , 0.0   , 0.0   , 0   , 0
augmented_data\images\image_000026_aug3.png, 0   , 0.0   , 0.0   , 0   , 0
augmented_data\images\image_000026_aug4.png, 0   , 0.0   , 0.0   , 0   , 0
augmented_data\images\image_000027_aug0.png, 0   , 0.0   , 0.0   , 0   , 0
augmented_data\images\image_000027_aug1.png, 0   , 0.0   , 0.0   , 0   , 0
augmented_data\images\image_000027_aug2.png, 0   , 0.0   , 0.0   , 0   , 0
augmented_data\images\image_000027_aug3.png, 0   , 0.0   , 0.0   , 0   , 0
augmented_data\images\image_000027_aug4.png, 0   , 0.0   , 0.0   , 0   , 0
augmented_data\images\image_000028_aug0.png, 0   , 0.874 , 0.8981, 0   , 1
augmented_data\images\image_000028_aug1.png, 0   , 0.874 , 0.8981, 0   , 1
augmented_data\images\image_000028_aug2.png, 0   , 0.874 , 0.8981, 0   , 1
augmented_data\images\image_000028_aug3.png, 0   , 0.874 , 0.8981, 0   , 1
augmented_data\images\image_000028_aug4.png, 0   , 0.874 , 0.8981, 0   , 1
augmented_data\images\image_000029_aug0.png, 0   , 0.0   , 0.0   , 1   , 1
augmented_data\images\image_000029_aug1.png, 0   , 0.0   , 0.0   , 1   , 1
augmented_data\images\image_000029_aug2.png, 0   , 0.0   , 0.0   , 1   , 1
augmented_data\images\image_000029_aug3.png, 0   , 0.0   , 0.0   , 1   , 1
augmented_data\images\image_000029_aug4.png, 0   , 0.0   , 0.0   , 1   , 1
augmented_data\images\image_000030_aug0.png, 0   , 0.499 , 0.5685, 0   , 1
augmented_data\images\image_000030_aug1.png, 0   , 0.499 , 0.5685, 0   , 1
augmented_data\images\image_000030_aug2.png, 0   , 0.499 , 0.5685, 0   , 1
augmented_data\images\image_000030_aug3.png, 0   , 0.499 , 0.5685, 0   , 1
augmented_data\images\image_000030_aug4.png, 0   , 0.499 , 0.5685, 0   , 1
augmented_data\images\image_000031_aug0.png, 0   , 0.475 , 0.6833, 0   , 1
augmented_data\images\image_000031_aug1.png, 0   , 0.475 , 0.6833, 0   , 1
augmented_data\images\image_000031_aug2.png, 0   , 0.475 , 0.6833, 0   , 1
augmented_data\images\image_000031_aug3.png, 0   , 0.475 , 0.6833, 0   , 1
augmented_data\images\image_000031_aug4.png, 0   , 0.475 , 0.6833, 0   , 1
augmented_data\images\image_000032_aug0.png, 0   , 0.0   , 0.0   , 0   , 0
augmented_data\images\image_000032_aug1.png, 0   , 0.0   , 0.0   , 0   , 0
augmented_data\images\image_000032_aug2.png, 0   , 0.0   , 0.0   , 0   , 0
augmented_data\images\image_000032_aug3.png, 0   , 0.0   , 0.0   , 0   , 0
augmented_data\images\image_000032_aug4.png, 0   , 0.0   , 0.0   , 0   , 0
augmented_data\images\image_000033_aug0.png, 0   , 0.0   , 0.0   , 0   , 0
augmented_data\images\image_000033_aug1.png, 0   , 0.0   , 0.0   , 0   , 0
augmented_data\images\image_000033_aug2.png, 0   , 0.0   , 0.0   , 0   , 0
augmented_data\images\image_000033_aug3.png, 0   , 0.0   , 0.0   , 0   , 0
augmented_data\images\image_000033_aug4.png, 0   , 0.0   , 0.0   , 0   , 0
augmented_data\images\image_000034_aug0.png, 0   , 0.874 , 0.8981, 0   , 1
augmented_data\images\image_000034_aug1.png, 0   , 0.874 , 0.8981, 0   , 1
augmented_data\images\image_000034_aug2.png, 0   , 0.874 , 0.8981, 0   , 1
augmented_data\images\image_000034_aug3.png, 0   , 0.874 , 0.8981, 0   , 1
augmented_data\images\image_000034_aug4.png, 0   , 0.874 , 0.8981, 0   , 1
augmented_data\images\image_000035_aug0.png, 0   , 0.0   , 0.0   , 1   , 1
augmented_data\images\image_000035_aug1.png, 0   , 0.0   , 0.0   , 1   , 1
augmented_data\images\image_000035_aug2.png, 0   , 0.0   , 0.0   , 1   , 1
augmented_data\images\image_000035_aug3.png, 0   , 0.0   , 0.0   , 1   , 1
augmented_data\images\image_000035_aug4.png, 0   , 0.0   , 0.0   , 1   , 1
augmented_data\images\image_000036_aug0.png, 1   , 0.0   , 0.0   , 1   , 1
augmented_data\images\image_000036_aug1.png, 1   , 0.0   , 0.0   , 1   , 1
augmented_data\images\image_000036_aug2.png, 1   , 0.0   , 0.0   , 1   , 1
augmented_data\images\image_000036_aug3.png, 1   , 0.0   , 0.0   , 1   , 1
augmented_data\images\image_000036_aug4.png, 1   , 0.0   , 0.0   , 1   , 1
augmented_data\images\image_000037_aug0.png, 1   , 0.0   , 0.0   , 1   , 1
augmented_data\images\image_000037_aug1.png, 1   , 0.0   , 0.0   , 1   , 1
augmented_data\images\image_000037_aug2.png, 1   , 0.0   , 0.0   , 1   , 1
augmented_data\images\image_000037_aug3.png, 1   , 0.0   , 0.0   , 1   , 1
augmented_data\images\image_000037_aug4.png, 1   , 0.0   , 0.0   , 1   , 1
augmented_data\images\image_000038_aug0.png, 1   , 0.0   , 0.0   , 1   , 1
augmented_data\images\image_000038_aug1.png, 1   , 0.0   , 0.0   , 1   , 1
augmented_data\images\image_000038_aug2.png, 1   , 0.0   , 0.0   , 1   , 1
augmented_data\images\image_000038_aug3.png, 1   , 0.0   , 0.0   , 1   , 1
augmented_data\images\image_000038_aug4.png, 1   , 0.0   , 0.0   , 1   , 1
augmented_data\images\image_000039_aug0.png, 1   , 0.0   , 0.0   , 1   , 1
augmented_data\images\image_000039_aug1.png, 1   , 0.0   , 0.0   , 1   , 1
augmented_data\images\image_000039_aug2.png, 1   , 0.0   , 0.0   , 1   , 1
augmented_data\images\image_000039_aug3.png, 1   , 0.0   , 0.0   , 1   , 1
augmented_data\images\image_000039_aug4.png, 1   , 0.0   , 0.0   , 1   , 1
augmented_data\images\image_000040_aug0.png, 1   , 0.0   , 0.0   , 1   , 1
augmented_data\images\image_000040_aug1.png, 1   , 0.0   , 0.0   , 1   , 1
augmented_data\images\image_000040_aug2.png, 1   , 0.0   , 0.0   , 1   , 1
augmented_data\images\image_000040_aug3.png, 1   , 0.0   , 0.0   , 1   , 1
augmented_data\images\image_000040_aug4.png, 1   , 0.0   , 0.0   , 1   , 1
augmented_data\images\image_000041_aug0.png, 1   , 0.0   , 0.0   , 1   , 1
augmented_data\images\image_000041_aug1.png, 1   , 0.0   , 0.0   , 1   , 1
augmented_data\images\image_000041_aug2.png, 1   , 0.0   , 0.0   , 1   , 1
augmented_data\images\image_000041_aug3.png, 1   , 0.0   , 0.0   , 1   , 1
augmented_data\images\image_000041_aug4.png, 1   , 0.0   , 0.0   , 1   , 1
augmented_data\images\image_000042_aug0.png, 2   , 0.9656, 0.1833, 0   , 1
augmented_data\images\image_000042_aug1.png, 2   , 0.9656, 0.1833, 0   , 1
augmented_data\images\image_000042_aug2.png, 2   , 0.9656, 0.1833, 0   , 1
augmented_data\images\image_000042_aug3.png, 2   , 0.9656, 0.1833, 0   , 1
augmented_data\images\image_000042_aug4.png, 2   , 0.9656, 0.1833, 0   , 1
augmented_data\images\image_000043_aug0.png, 2   , 0.0   , 0.0   , 1   , 1
augmented_data\images\image_000043_aug1.png, 2   , 0.0   , 0.0   , 1   , 1
augmented_data\images\image_000043_aug2.png, 2   , 0.0   , 0.0   , 1   , 1
augmented_data\images\image_000043_aug3.png, 2   , 0.0   , 0.0   , 1   , 1
augmented_data\images\image_000043_aug4.png, 2   , 0.0   , 0.0   , 1   , 1
augmented_data\images\image_000044_aug0.png, 2   , 0.9656, 0.1833, 0   , 1
augmented_data\images\image_000044_aug1.png, 2   , 0.9656, 0.1833, 0   , 1
augmented_data\images\image_000044_aug2.png, 2   , 0.9656, 0.1833, 0   , 1
augmented_data\images\image_000044_aug3.png, 2   , 0.9656, 0.1833, 0   , 1
augmented_data\images\image_000044_aug4.png, 2   , 0.9656, 0.1833, 0   , 1
augmented_data\images\image_000045_aug0.png, 2   , 0.0   , 0.0   , 1   , 1
augmented_data\images\image_000045_aug1.png, 2   , 0.0   , 0.0   , 1   , 1
augmented_data\images\image_000045_aug2.png, 2   , 0.0   , 0.0   , 1   , 1
augmented_data\images\image_000045_aug3.png, 2   , 0.0   , 0.0   , 1   , 1
augmented_data\images\image_000045_aug4.png, 2   , 0.0   , 0.0   , 1   , 1
augmented_data\images\image_000046_aug0.png, 2   , 0.9656, 0.1833, 0   , 1
augmented_data\images\image_000046_aug1.png, 2   , 0.9656, 0.1833, 0   , 1
augmented_data\images\image_000046_aug2.png, 2   , 0.9656, 0.1833, 0   , 1
augmented_data\images\image_000046_aug3.png, 2   , 0.9656, 0.1833, 0   , 1
augmented_data\images\image_000046_aug4.png, 2   , 0.9656, 0.1833, 0   , 1
augmented_data\images\image_000047_aug0.png, 2   , 0.0   , 0.0   , 1   , 1
augmented_data\images\image_000047_aug1.png, 2   , 0.0   , 0.0   , 1   , 1
augmented_data\images\image_000047_aug2.png, 2   , 0.0   , 0.0   , 1   , 1
augmented_data\images\image_000047_aug3.png, 2   , 0.0   , 0.0   , 1   , 1
augmented_data\images\image_000047_aug4.png, 2   , 0.0   , 0.0   , 1   , 1
augmented_data\images\image_000048_aug0.png, 2   , 0.9656, 0.1833, 0   , 1
augmented_data\images\image_000048_aug1.png, 2   , 0.9656, 0.1833, 0   , 1
augmented_data\images\image_000048_aug2.png, 2   , 0.9656, 0.1833, 0   , 1
augmented_data\images\image_000048_aug3.png, 2   , 0.9656, 0.1833, 0   , 1
augmented_data\images\image_000048_aug4.png, 2   , 0.9656, 0.1833, 0   , 1
augmented_data\images\image_000049_aug0.png, 2   , 0.0   , 0.0   , 1   , 1
augmented_data\images\image_000049_aug1.png, 2   , 0.0   , 0.0   , 1   , 1
augmented_data\images\image_000049_aug2.png, 2   , 0.0   , 0.0   , 1   , 1
augmented_data\images\image_000049_aug3.png, 2   , 0.0   , 0.0   , 1   , 1
augmented_data\images\image_000049_aug4.png, 2   , 0.0   , 0.0   , 1   , 1
augmented_data\images\image_000050_aug0.png, 2   , 0.9656, 0.1833, 0   , 1
augmented_data\images\image_000050_aug1.png, 2   , 0.9656, 0.1833, 0   , 1
augmented_data\images\image_000050_aug2.png, 2   , 0.9656, 0.1833, 0   , 1
augmented_data\images\image_000050_aug3.png, 2   , 0.9656, 0.1833, 0   , 1
augmented_data\images\image_000050_aug4.png, 2   , 0.9656, 0.1833, 0   , 1
augmented_data\images\image_000051_aug0.png, 2   , 0.0   , 0.0   , 1   , 1
augmented_data\images\image_000051_aug1.png, 2   , 0.0   , 0.0   , 1   , 1
augmented_data\images\image_000051_aug2.png, 2   , 0.0   , 0.0   , 1   , 1
augmented_data\images\image_000051_aug3.png, 2   , 0.0   , 0.0   , 1   , 1
augmented_data\images\image_000051_aug4.png, 2   , 0.0   , 0.0   , 1   , 1
augmented_data\images\image_000052_aug0.png, 2   , 0.9656, 0.1833, 0   , 1
augmented_data\images\image_000052_aug1.png, 2   , 0.9656, 0.1833, 0   , 1
augmented_data\images\image_000052_aug2.png, 2   , 0.9656, 0.1833, 0   , 1
augmented_data\images\image_000052_aug3.png, 2   , 0.9656, 0.1833, 0   , 1
augmented_data\images\image_000052_aug4.png, 2   , 0.9656, 0.1833, 0   , 1
augmented_data\images\image_000053_aug0.png, 2   , 0.0   , 0.0   , 1   , 1
augmented_data\images\image_000053_aug1.png, 2   , 0.0   , 0.0   , 1   , 1
augmented_data\images\image_000053_aug2.png, 2   , 0.0   , 0.0   , 1   , 1
augmented_data\images\image_000053_aug3.png, 2   , 0.0   , 0.0   , 1   , 1
augmented_data\images\image_000053_aug4.png, 2   , 0.0   , 0.0   , 1   , 1
augmented_data\images\image_000054_aug0.png, 7   , 0.0521, 0.0926, 0   , 1
augmented_data\images\image_000054_aug1.png, 7   , 0.0521, 0.0926, 0   , 1
augmented_data\images\image_000054_aug2.png, 7   , 0.0521, 0.0926, 0   , 1
augmented_data\images\image_000054_aug3.png, 7   , 0.0521, 0.0926, 0   , 1
augmented_data\images\image_000054_aug4.png, 7   , 0.0521, 0.0926, 0   , 1
augmented_data\images\image_000055_aug0.png, 7   , 0.7688, 0.6426, 0   , 1
augmented_data\images\image_000055_aug1.png, 7   , 0.7688, 0.6426, 0   , 1
augmented_data\images\image_000055_aug2.png, 7   , 0.7688, 0.6426, 0   , 1
augmented_data\images\image_000055_aug3.png, 7   , 0.7688, 0.6426, 0   , 1
augmented_data\images\image_000055_aug4.png, 7   , 0.7688, 0.6426, 0   , 1
augmented_data\images\image_000056_aug0.png, 7   , 0.0   , 0.0   , 1   , 1
augmented_data\images\image_000056_aug1.png, 7   , 0.0   , 0.0   , 1   , 1
augmented_data\images\image_000056_aug2.png, 7   , 0.0   , 0.0   , 1   , 1
augmented_data\images\image_000056_aug3.png, 7   , 0.0   , 0.0   , 1   , 1
augmented_data\images\image_000056_aug4.png, 7   , 0.0   , 0.0   , 1   , 1
augmented_data\images\image_000057_aug0.png, 7   , 0.0521, 0.0926, 0   , 1
augmented_data\images\image_000057_aug1.png, 7   , 0.0521, 0.0926, 0   , 1
augmented_data\images\image_000057_aug2.png, 7   , 0.0521, 0.0926, 0   , 1
augmented_data\images\image_000057_aug3.png, 7   , 0.0521, 0.0926, 0   , 1
augmented_data\images\image_000057_aug4.png, 7   , 0.0521, 0.0926, 0   , 1
augmented_data\images\image_000058_aug0.png, 7   , 0.7688, 0.6426, 0   , 1
augmented_data\images\image_000058_aug1.png, 7   , 0.7688, 0.6426, 0   , 1
augmented_data\images\image_000058_aug2.png, 7   , 0.7688, 0.6426, 0   , 1
augmented_data\images\image_000058_aug3.png, 7   , 0.7688, 0.6426, 0   , 1
augmented_data\images\image_000058_aug4.png, 7   , 0.7688, 0.6426, 0   , 1
augmented_data\images\image_000059_aug0.png, 7   , 0.0   , 0.0   , 1   , 1
augmented_data\images\image_000059_aug1.png, 7   , 0.0   , 0.0   , 1   , 1
augmented_data\images\image_000059_aug2.png, 7   , 0.0   , 0.0   , 1   , 1
augmented_data\images\image_000059_aug3.png, 7   , 0.0   , 0.0   , 1   , 1
augmented_data\images\image_000059_aug4.png, 7   , 0.0   , 0.0   , 1   , 1
augmented_data\images\image_000060_aug0.png, 7   , 0.7688, 0.6426, 0   , 1
augmented_data\images\image_000060_aug1.png, 7   , 0.7688, 0.6426, 0   , 1
augmented_data\images\image_000060_aug2.png, 7   , 0.7688, 0.6426, 0   , 1
augmented_data\images\image_000060_aug3.png, 7   , 0.7688, 0.6426, 0   , 1
augmented_data\images\image_000060_aug4.png, 7   , 0.7688, 0.6426, 0   , 1
augmented_data\images\image_000061_aug0.png, 7   , 0.0   , 0.0   , 1   , 1
augmented_data\images\image_000061_aug1.png, 7   , 0.0   , 0.0   , 1   , 1
augmented_data\images\image_000061_aug2.png, 7   , 0.0   , 0.0   , 1   , 1
augmented_data\images\image_000061_aug3.png, 7   , 0.0   , 0.0   , 1   , 1
augmented_data\images\image_000061_aug4.png, 7   , 0.0   , 0.0   , 1   , 1
augmented_data\images\image_000062_aug0.png, 7   , 0.0521, 0.0926, 0   , 1
augmented_data\images\image_000062_aug1.png, 7   , 0.0521, 0.0926, 0   , 1
augmented_data\images\image_000062_aug2.png, 7   , 0.0521, 0.0926, 0   , 1
augmented_data\images\image_000062_aug3.png, 7   , 0.0521, 0.0926, 0   , 1
augmented_data\images\image_000062_aug4.png, 7   , 0.0521, 0.0926, 0   , 1
augmented_data\images\image_000063_aug0.png, 7   , 0.7688, 0.6426, 0   , 1
augmented_data\images\image_000063_aug1.png, 7   , 0.7688, 0.6426, 0   , 1
augmented_data\images\image_000063_aug2.png, 7   , 0.7688, 0.6426, 0   , 1
augmented_data\images\image_000063_aug3.png, 7   , 0.7688, 0.6426, 0   , 1
augmented_data\images\image_000063_aug4.png, 7   , 0.7688, 0.6426, 0   , 1
augmented_data\images\image_000064_aug0.png, 7   , 0.0   , 0.0   , 1   , 1
augmented_data\images\image_000064_aug1.png, 7   , 0.0   , 0.0   , 1   , 1
augmented_data\images\image_000064_aug2.png, 7   , 0.0   , 0.0   , 1   , 1
augmented_data\images\image_000064_aug3.png, 7   , 0.0   , 0.0   , 1   , 1
augmented_data\images\image_000064_aug4.png, 7   , 0.0   , 0.0   , 1   , 1
augmented_data\images\image_000065_aug0.png, 7   , 0.0521, 0.0926, 0   , 1
augmented_data\images\image_000065_aug1.png, 7   , 0.0521, 0.0926, 0   , 1
augmented_data\images\image_000065_aug2.png, 7   , 0.0521, 0.0926, 0   , 1
augmented_data\images\image_000065_aug3.png, 7   , 0.0521, 0.0926, 0   , 1
augmented_data\images\image_000065_aug4.png, 7   , 0.0521, 0.0926, 0   , 1
augmented_data\images\image_000066_aug0.png, 7   , 0.7688, 0.6426, 0   , 1
augmented_data\images\image_000066_aug1.png, 7   , 0.7688, 0.6426, 0   , 1
augmented_data\images\image_000066_aug2.png, 7   , 0.7688, 0.6426, 0   , 1
augmented_data\images\image_000066_aug3.png, 7   , 0.7688, 0.6426, 0   , 1
augmented_data\images\image_000066_aug4.png, 7   , 0.7688, 0.6426, 0   , 1
augmented_data\images\image_000067_aug0.png, 7   , 0.0   , 0.0   , 1   , 1
augmented_data\images\image_000067_aug1.png, 7   , 0.0   , 0.0   , 1   , 1
augmented_data\images\image_000067_aug2.png, 7   , 0.0   , 0.0   , 1   , 1
augmented_data\images\image_000067_aug3.png, 7   , 0.0   , 0.0   , 1   , 1
augmented_data\images\image_000067_aug4.png, 7   , 0.0   , 0.0   , 1   , 1
augmented_data\images\image_000068_aug0.png, 7   , 0.7688, 0.6426, 0   , 1
augmented_data\images\image_000068_aug1.png, 7   , 0.7688, 0.6426, 0   , 1
augmented_data\images\image_000068_aug2.png, 7   , 0.7688, 0.6426, 0   , 1
augmented_data\images\image_000068_aug3.png, 7   , 0.7688, 0.6426, 0   , 1
augmented_data\images\image_000068_aug4.png, 7   , 0.7688, 0.6426, 0   , 1
augmented_data\images\image_000069_aug0.png, 7   , 0.0   , 0.0   , 1   , 1
augmented_data\images\image_000069_aug1.png, 7   , 0.0   , 0.0   , 1   , 1
augmented_data\images\image_000069_aug2.png, 7   , 0.0   , 0.0   , 1   , 1
augmented_data\images\image_000069_aug3.png, 7   , 0.0   , 0.0   , 1   , 1
augmented_data\images\image_000069_aug4.png, 7   , 0.0   , 0.0   , 1   , 1
augmented_data\images\image_000070_aug0.png, 0   , 0.475 , 0.6833, 0   , 1
augmented_data\images\image_000070_aug1.png, 0   , 0.475 , 0.6833, 0   , 1
augmented_data\images\image_000070_aug2.png, 0   , 0.475 , 0.6833, 0   , 1
augmented_data\images\image_000070_aug3.png, 0   , 0.475 , 0.6833, 0   , 1
augmented_data\images\image_000070_aug4.png, 0   , 0.475 , 0.6833, 0   , 1
augmented_data\images\image_000071_aug0.png, 0   , 0.0   , 0.0   , 0   , 0
augmented_data\images\image_000071_aug1.png, 0   , 0.0   , 0.0   , 0   , 0
augmented_data\images\image_000071_aug2.png, 0   , 0.0   , 0.0   , 0   , 0
augmented_data\images\image_000071_aug3.png, 0   , 0.0   , 0.0   , 0   , 0
augmented_data\images\image_000071_aug4.png, 0   , 0.0   , 0.0   , 0   , 0
augmented_data\images\image_000072_aug0.png, 0   , 0.874 , 0.8981, 0   , 1
augmented_data\images\image_000072_aug1.png, 0   , 0.874 , 0.8981, 0   , 1
augmented_data\images\image_000072_aug2.png, 0   , 0.874 , 0.8981, 0   , 1
augmented_data\images\image_000072_aug3.png, 0   , 0.874 , 0.8981, 0   , 1
augmented_data\images\image_000072_aug4.png, 0   , 0.874 , 0.8981, 0   , 1
augmented_data\images\image_000073_aug0.png, 0   , 0.0   , 0.0   , 1   , 1
augmented_data\images\image_000073_aug1.png, 0   , 0.0   , 0.0   , 1   , 1
augmented_data\images\image_000073_aug2.png, 0   , 0.0   , 0.0   , 1   , 1
augmented_data\images\image_000073_aug3.png, 0   , 0.0   , 0.0   , 1   , 1
augmented_data\images\image_000073_aug4.png, 0   , 0.0   , 0.0   , 1   , 1
augmented_data\images\image_000074_aug0.png, 0   , 0.499 , 0.5685, 0   , 1
augmented_data\images\image_000074_aug1.png, 0   , 0.499 , 0.5685, 0   , 1
augmented_data\images\image_000074_aug2.png, 0   , 0.499 , 0.5685, 0   , 1
augmented_data\images\image_000074_aug3.png, 0   , 0.499 , 0.5685, 0   , 1
augmented_data\images\image_000074_aug4.png, 0   , 0.499 , 0.5685, 0   , 1
augmented_data\images\image_000075_aug0.png, 0   , 0.475 , 0.6833, 0   , 1
augmented_data\images\image_000075_aug1.png, 0   , 0.475 , 0.6833, 0   , 1
augmented_data\images\image_000075_aug2.png, 0   , 0.475 , 0.6833, 0   , 1
augmented_data\images\image_000075_aug3.png, 0   , 0.475 , 0.6833, 0   , 1
augmented_data\images\image_000075_aug4.png, 0   , 0.475 , 0.6833, 0   , 1
augmented_data\images\image_000076_aug0.png, 0   , 0.0   , 0.0   , 0   , 0
augmented_data\images\image_000076_aug1.png, 0   , 0.0   , 0.0   , 0   , 0
augmented_data\images\image_000076_aug2.png, 0   , 0.0   , 0.0   , 0   , 0
augmented_data\images\image_000076_aug3.png, 0   , 0.0   , 0.0   , 0   , 0
augmented_data\images\image_000076_aug4.png, 0   , 0.0   , 0.0   , 0   , 0
augmented_data\images\image_000077_aug0.png, 0   , 0.0   , 0.0   , 0   , 0
augmented_data\images\image_000077_aug1.png, 0   , 0.0   , 0.0   , 0   , 0
augmented_data\images\image_000077_aug2.png, 0   , 0.0   , 0.0   , 0   , 0
augmented_data\images\image_000077_aug3.png, 0   , 0.0   , 0.0   , 0   , 0
augmented_data\images\image_000077_aug4.png, 0   , 0.0   , 0.0   , 0   , 0
augmented_data\images\image_000078_aug0.png, 0   , 0.874 , 0.8981, 0   , 1
augmented_data\images\image_000078_aug1.png, 0   , 0.874 , 0.8981, 0   , 1
augmented_data\images\image_000078_aug2.png, 0   , 0.874 , 0.8981, 0   , 1
augmented_data\images\image_000078_aug3.png, 0   , 0.874 , 0.8981, 0   , 1
augmented_data\images\image_000078_aug4.png, 0   , 0.874 , 0.8981, 0   , 1
augmented_data\images\image_000079_aug0.png, 0   , 0.0   , 0.0   , 1   , 1
augmented_data\images\image_000079_aug1.png, 0   , 0.0   , 0.0   , 1   , 1
augmented_data\images\image_000079_aug2.png, 0   , 0.0   , 0.0   , 1   , 1
augmented_data\images\image_000079_aug3.png, 0   , 0.0   , 0.0   , 1   , 1
augmented_data\images\image_000079_aug4.png, 0   , 0.0   , 0.0   , 1   , 1
augmented_data\images\image_000080_aug0.png, 0   , 0.499 , 0.5685, 0   , 1
augmented_data\images\image_000080_aug1.png, 0   , 0.499 , 0.5685, 0   , 1
augmented_data\images\image_000080_aug2.png, 0   , 0.499 , 0.5685, 0   , 1
augmented_data\images\image_000080_aug3.png, 0   , 0.499 , 0.5685, 0   , 1
augmented_data\images\image_000080_aug4.png, 0   , 0.499 , 0.5685, 0   , 1
augmented_data\images\image_000081_aug0.png, 0   , 0.475 , 0.6833, 0   , 1
augmented_data\images\image_000081_aug1.png, 0   , 0.475 , 0.6833, 0   , 1
augmented_data\images\image_000081_aug2.png, 0   , 0.475 , 0.6833, 0   , 1
augmented_data\images\image_000081_aug3.png, 0   , 0.475 , 0.6833, 0   , 1
augmented_data\images\image_000081_aug4.png, 0   , 0.475 , 0.6833, 0   , 1
augmented_data\images\image_000082_aug0.png, 0   , 0.0   , 0.0   , 0   , 0
augmented_data\images\image_000082_aug1.png, 0   , 0.0   , 0.0   , 0   , 0
augmented_data\images\image_000082_aug2.png, 0   , 0.0   , 0.0   , 0   , 0
augmented_data\images\image_000082_aug3.png, 0   , 0.0   , 0.0   , 0   , 0
augmented_data\images\image_000082_aug4.png, 0   , 0.0   , 0.0   , 0   , 0
augmented_data\images\image_000083_aug0.png, 0   , 0.0   , 0.0   , 0   , 0
augmented_data\images\image_000083_aug1.png, 0   , 0.0   , 0.0   , 0   , 0
augmented_data\images\image_000083_aug2.png, 0   , 0.0   , 0.0   , 0   , 0
augmented_data\images\image_000083_aug3.png, 0   , 0.0   , 0.0   , 0   , 0
augmented_data\images\image_000083_aug4.png, 0   , 0.0   , 0.0   , 0   , 0
augmented_data\images\image_000084_aug0.png, 0   , 0.874 , 0.8981, 0   , 1
augmented_data\images\image_000084_aug1.png, 0   , 0.874 , 0.8981, 0   , 1
augmented_data\images\image_000084_aug2.png, 0   , 0.874 , 0.8981, 0   , 1
augmented_data\images\image_000084_aug3.png, 0   , 0.874 , 0.8981, 0   , 1
augmented_data\images\image_000084_aug4.png, 0   , 0.874 , 0.8981, 0   , 1
augmented_data\images\image_000085_aug0.png, 0   , 0.0   , 0.0   , 1   , 1
augmented_data\images\image_000085_aug1.png, 0   , 0.0   , 0.0   , 1   , 1
augmented_data\images\image_000085_aug2.png, 0   , 0.0   , 0.0   , 1   , 1
augmented_data\images\image_000085_aug3.png, 0   , 0.0   , 0.0   , 1   , 1
augmented_data\images\image_000085_aug4.png, 0   , 0.0   , 0.0   , 1   , 1
augmented_data\images\image_000086_aug0.png, 0   , 0.499 , 0.5685, 0   , 1
augmented_data\images\image_000086_aug1.png, 0   , 0.499 , 0.5685, 0   , 1
augmented_data\images\image_000086_aug2.png, 0   , 0.499 , 0.5685, 0   , 1
augmented_data\images\image_000086_aug3.png, 0   , 0.499 , 0.5685, 0   , 1
augmented_data\images\image_000086_aug4.png, 0   , 0.499 , 0.5685, 0   , 1
augmented_data\images\image_000087_aug0.png, 0   , 0.475 , 0.6833, 0   , 1
augmented_data\images\image_000087_aug1.png, 0   , 0.475 , 0.6833, 0   , 1
augmented_data\images\image_000087_aug2.png, 0   , 0.475 , 0.6833, 0   , 1
augmented_data\images\image_000087_aug3.png, 0   , 0.475 , 0.6833, 0   , 1
augmented_data\images\image_000087_aug4.png, 0   , 0.475 , 0.6833, 0   , 1
augmented_data\images\image_000088_aug0.png, 0   , 0.0   , 0.0   , 0   , 0
augmented_data\images\image_000088_aug1.png, 0   , 0.0   , 0.0   , 0   , 0
augmented_data\images\image_000088_aug2.png, 0   , 0.0   , 0.0   , 0   , 0
augmented_data\images\image_000088_aug3.png, 0   , 0.0   , 0.0   , 0   , 0
augmented_data\images\image_000088_aug4.png, 0   , 0.0   , 0.0   , 0   , 0
augmented_data\images\image_000089_aug0.png, 0   , 0.0   , 0.0   , 0   , 0
augmented_data\images\image_000089_aug1.png, 0   , 0.0   , 0.0   , 0   , 0
augmented_data\images\image_000089_aug2.png, 0   , 0.0   , 0.0   , 0   , 0
augmented_data\images\image_000089_aug3.png, 0   , 0.0   , 0.0   , 0   , 0
augmented_data\images\image_000089_aug4.png, 0   , 0.0   , 0.0   , 0   , 0
augmented_data\images\image_000090_aug0.png, 0   , 0.874 , 0.8981, 0   , 1
augmented_data\images\image_000090_aug1.png, 0   , 0.874 , 0.8981, 0   , 1
augmented_data\images\image_000090_aug2.png, 0   , 0.874 , 0.8981, 0   , 1
augmented_data\images\image_000090_aug3.png, 0   , 0.874 , 0.8981, 0   , 1
augmented_data\images\image_000090_aug4.png, 0   , 0.874 , 0.8981, 0   , 1
augmented_data\images\image_000091_aug0.png, 0   , 0.0   , 0.0   , 1   , 1
augmented_data\images\image_000091_aug1.png, 0   , 0.0   , 0.0   , 1   , 1
augmented_data\images\image_000091_aug2.png, 0   , 0.0   , 0.0   , 1   , 1
augmented_data\images\image_000091_aug3.png, 0   , 0.0   , 0.0   , 1   , 1
augmented_data\images\image_000091_aug4.png, 0   , 0.0   , 0.0   , 1   , 1
augmented_data\images\image_000092_aug0.png, 0   , 0.499 , 0.5685, 0   , 1
augmented_data\images\image_000092_aug1.png, 0   , 0.499 , 0.5685, 0   , 1
augmented_data\images\image_000092_aug2.png, 0   , 0.499 , 0.5685, 0   , 1
augmented_data\images\image_000092_aug3.png, 0   , 0.499 , 0.5685, 0   , 1
augmented_data\images\image_000092_aug4.png, 0   , 0.499 , 0.5685, 0   , 1
augmented_data\images\image_000093_aug0.png, 0   , 0.475 , 0.6833, 0   , 1
augmented_data\images\image_000093_aug1.png, 0   , 0.475 , 0.6833, 0   , 1
augmented_data\images\image_000093_aug2.png, 0   , 0.475 , 0.6833, 0   , 1
augmented_data\images\image_000093_aug3.png, 0   , 0.475 , 0.6833, 0   , 1
augmented_data\images\image_000093_aug4.png, 0   , 0.475 , 0.6833, 0   , 1
augmented_data\images\image_000094_aug0.png, 0   , 0.0   , 0.0   , 0   , 0
augmented_data\images\image_000094_aug1.png, 0   , 0.0   , 0.0   , 0   , 0
augmented_data\images\image_000094_aug2.png, 0   , 0.0   , 0.0   , 0   , 0
augmented_data\images\image_000094_aug3.png, 0   , 0.0   , 0.0   , 0   , 0
augmented_data\images\image_000094_aug4.png, 0   , 0.0   , 0.0   , 0   , 0
augmented_data\images\image_000095_aug0.png, 0   , 0.0   , 0.0   , 0   , 0
augmented_data\images\image_000095_aug1.png, 0   , 0.0   , 0.0   , 0   , 0
augmented_data\images\image_000095_aug2.png, 0   , 0.0   , 0.0   , 0   , 0
augmented_data\images\image_000095_aug3.png, 0   , 0.0   , 0.0   , 0   , 0
augmented_data\images\image_000095_aug4.png, 0   , 0.0   , 0.0   , 0   , 0
augmented_data\images\image_000096_aug0.png, 0   , 0.874 , 0.8981, 0   , 1
augmented_data\images\image_000096_aug1.png, 0   , 0.874 , 0.8981, 0   , 1
augmented_data\images\image_000096_aug2.png, 0   , 0.874 , 0.8981, 0   , 1
augmented_data\images\image_000096_aug3.png, 0   , 0.874 , 0.8981, 0   , 1
augmented_data\images\image_000096_aug4.png, 0   , 0.874 , 0.8981, 0   , 1
augmented_data\images\image_000097_aug0.png, 0   , 0.0   , 0.0   , 1   , 1
augmented_data\images\image_000097_aug1.png, 0   , 0.0   , 0.0   , 1   , 1
augmented_data\images\image_000097_aug2.png, 0   , 0.0   , 0.0   , 1   , 1
augmented_data\images\image_000097_aug3.png, 0   , 0.0   , 0.0   , 1   , 1
augmented_data\images\image_000097_aug4.png, 0   , 0.0   , 0.0   , 1   , 1
augmented_data\images\image_000098_aug0.png, 0   , 0.499 , 0.5685, 0   , 1
augmented_data\images\image_000098_aug1.png, 0   , 0.499 , 0.5685, 0   , 1
augmented_data\images\image_000098_aug2.png, 0   , 0.499 , 0.5685, 0   , 1
augmented_data\images\image_000098_aug3.png, 0   , 0.499 , 0.5685, 0   , 1
augmented_data\images\image_000098_aug4.png, 0   , 0.499 , 0.5685, 0   , 1
augmented_data\images\image_000099_aug0.png, 0   , 0.475 , 0.6833, 0   , 1
augmented_data\images\image_000099_aug1.png, 0   , 0.475 , 0.6833, 0   , 1
augmented_data\images\image_000099_aug2.png, 0   , 0.475 , 0.6833, 0   , 1
augmented_data\images\image_000099_aug3.png, 0   , 0.475 , 0.6833, 0   , 1
augmented_data\images\image_000099_aug4.png, 0   , 0.475 , 0.6833, 0   , 1
augmented_data\images\image_000100_aug0.png, 0   , 0.0   , 0.0   , 0   , 0
augmented_data\images\image_000100_aug1.png, 0   , 0.0   , 0.0   , 0   , 0
augmented_data\images\image_000100_aug2.png, 0   , 0.0   , 0.0   , 0   , 0
augmented_data\images\image_000100_aug3.png, 0   , 0.0   , 0.0   , 0   , 0
augmented_data\images\image_000100_aug4.png, 0   , 0.0   , 0.0   , 0   , 0
augmented_data\images\image_000101_aug0.png, 0   , 0.0   , 0.0   , 0   , 0
augmented_data\images\image_000101_aug1.png, 0   , 0.0   , 0.0   , 0   , 0
augmented_data\images\image_000101_aug2.png, 0   , 0.0   , 0.0   , 0   , 0
augmented_data\images\image_000101_aug3.png, 0   , 0.0   , 0.0   , 0   , 0
augmented_data\images\image_000101_aug4.png, 0   , 0.0   , 0.0   , 0   , 0
augmented_data\images\image_000102_aug0.png, 0   , 0.874 , 0.8981, 0   , 1
augmented_data\images\image_000102_aug1.png, 0   , 0.874 , 0.8981, 0   , 1
augmented_data\images\image_000102_aug2.png, 0   , 0.874 , 0.8981, 0   , 1
augmented_data\images\image_000102_aug3.png, 0   , 0.874 , 0.8981, 0   , 1
augmented_data\images\image_000102_aug4.png, 0   , 0.874 , 0.8981, 0   , 1
augmented_data\images\image_000103_aug0.png, 0   , 0.0   , 0.0   , 1   , 1
augmented_data\images\image_000103_aug1.png, 0   , 0.0   , 0.0   , 1   , 1
augmented_data\images\image_000103_aug2.png, 0   , 0.0   , 0.0   , 1   , 1
augmented_data\images\image_000103_aug3.png, 0   , 0.0   , 0.0   , 1   , 1
augmented_data\images\image_000103_aug4.png, 0   , 0.0   , 0.0   , 1   , 1
augmented_data\images\image_000104_aug0.png, 0   , 0.475 , 0.6833, 0   , 1
augmented_data\images\image_000104_aug1.png, 0   , 0.475 , 0.6833, 0   , 1
augmented_data\images\image_000104_aug2.png, 0   , 0.475 , 0.6833, 0   , 1
augmented_data\images\image_000104_aug3.png, 0   , 0.475 , 0.6833, 0   , 1
augmented_data\images\image_000104_aug4.png, 0   , 0.475 , 0.6833, 0   , 1
augmented_data\images\image_000105_aug0.png, 0   , 0.0   , 0.0   , 0   , 0
augmented_data\images\image_000105_aug1.png, 0   , 0.0   , 0.0   , 0   , 0
augmented_data\images\image_000105_aug2.png, 0   , 0.0   , 0.0   , 0   , 0
augmented_data\images\image_000105_aug3.png, 0   , 0.0   , 0.0   , 0   , 0
augmented_data\images\image_000105_aug4.png, 0   , 0.0   , 0.0   , 0   , 0
augmented_data\images\image_000106_aug0.png, 0   , 0.0   , 0.0   , 0   , 0
augmented_data\images\image_000106_aug1.png, 0   , 0.0   , 0.0   , 0   , 0
augmented_data\images\image_000106_aug2.png, 0   , 0.0   , 0.0   , 0   , 0
augmented_data\images\image_000106_aug3.png, 0   , 0.0   , 0.0   , 0   , 0
augmented_data\images\image_000106_aug4.png, 0   , 0.0   , 0.0   , 0   , 0
augmented_data\images\image_000107_aug0.png, 0   , 0.874 , 0.8981, 0   , 1
augmented_data\images\image_000107_aug1.png, 0   , 0.874 , 0.8981, 0   , 1
augmented_data\images\image_000107_aug2.png, 0   , 0.874 , 0.8981, 0   , 1
augmented_data\images\image_000107_aug3.png, 0   , 0.874 , 0.8981, 0   , 1
augmented_data\images\image_000107_aug4.png, 0   , 0.874 , 0.8981, 0   , 1
augmented_data\images\image_000108_aug0.png, 0   , 0.0   , 0.0   , 1   , 1
augmented_data\images\image_000108_aug1.png, 0   , 0.0   , 0.0   , 1   , 1
augmented_data\images\image_000108_aug2.png, 0   , 0.0   , 0.0   , 1   , 1
augmented_data\images\image_000108_aug3.png, 0   , 0.0   , 0.0   , 1   , 1
augmented_data\images\image_000108_aug4.png, 0   , 0.0   , 0.0   , 1   , 1
augmented_data\images\image_000109_aug0.png, 1   , 0.0   , 0.0   , 1   , 1
augmented_data\images\image_000109_aug1.png, 1   , 0.0   , 0.0   , 1   , 1
augmented_data\images\image_000109_aug2.png, 1   , 0.0   , 0.0   , 1   , 1
augmented_data\images\image_000109_aug3.png, 1   , 0.0   , 0.0   , 1   , 1
augmented_data\images\image_000109_aug4.png, 1   , 0.0   , 0.0   , 1   , 1
augmented_data\images\image_000110_aug0.png, 1   , 0.0   , 0.0   , 1   , 1
augmented_data\images\image_000110_aug1.png, 1   , 0.0   , 0.0   , 1   , 1
augmented_data\images\image_000110_aug2.png, 1   , 0.0   , 0.0   , 1   , 1
augmented_data\images\image_000110_aug3.png, 1   , 0.0   , 0.0   , 1   , 1
augmented_data\images\image_000110_aug4.png, 1   , 0.0   , 0.0   , 1   , 1
augmented_data\images\image_000111_aug0.png, 1   , 0.0   , 0.0   , 1   , 1
augmented_data\images\image_000111_aug1.png, 1   , 0.0   , 0.0   , 1   , 1
augmented_data\images\image_000111_aug2.png, 1   , 0.0   , 0.0   , 1   , 1
augmented_data\images\image_000111_aug3.png, 1   , 0.0   , 0.0   , 1   , 1
augmented_data\images\image_000111_aug4.png, 1   , 0.0   , 0.0   , 1   , 1
augmented_data\images\image_000112_aug0.png, 1   , 0.0   , 0.0   , 1   , 1
augmented_data\images\image_000112_aug1.png, 1   , 0.0   , 0.0   , 1   , 1
augmented_data\images\image_000112_aug2.png, 1   , 0.0   , 0.0   , 1   , 1
augmented_data\images\image_000112_aug3.png, 1   , 0.0   , 0.0   , 1   , 1
augmented_data\images\image_000112_aug4.png, 1   , 0.0   , 0.0   , 1   , 1
augmented_data\images\image_000113_aug0.png, 1   , 0.0   , 0.0   , 1   , 1
augmented_data\images\image_000113_aug1.png, 1   , 0.0   , 0.0   , 1   , 1
augmented_data\images\image_000113_aug2.png, 1   , 0.0   , 0.0   , 1   , 1
augmented_data\images\image_000113_aug3.png, 1   , 0.0   , 0.0   , 1   , 1
augmented_data\images\image_000113_aug4.png, 1   , 0.0   , 0.0   , 1   , 1
augmented_data\images\image_000114_aug0.png, 1   , 0.0   , 0.0   , 1   , 1
augmented_data\images\image_000114_aug1.png, 1   , 0.0   , 0.0   , 1   , 1
augmented_data\images\image_000114_aug2.png, 1   , 0.0   , 0.0   , 1   , 1
augmented_data\images\image_000114_aug3.png, 1   , 0.0   , 0.0   , 1   , 1
augmented_data\images\image_000114_aug4.png, 1   , 0.0   , 0.0   , 1   , 1
augmented_data\images\image_000115_aug0.png, 1   , 0.0   , 0.0   , 1   , 1
augmented_data\images\image_000115_aug1.png, 1   , 0.0   , 0.0   , 1   , 1
augmented_data\images\image_000115_aug2.png, 1   , 0.0   , 0.0   , 1   , 1
augmented_data\images\image_000115_aug3.png, 1   , 0.0   , 0.0   , 1   , 1
augmented_data\images\image_000115_aug4.png, 1   , 0.0   , 0.0   , 1   , 1
augmented_data\images\image_000116_aug0.png, 2   , 0.9656, 0.1833, 0   , 1
augmented_data\images\image_000116_aug1.png, 2   , 0.9656, 0.1833, 0   , 1
augmented_data\images\image_000116_aug2.png, 2   , 0.9656, 0.1833, 0   , 1
augmented_data\images\image_000116_aug3.png, 2   , 0.9656, 0.1833, 0   , 1
augmented_data\images\image_000116_aug4.png, 2   , 0.9656, 0.1833, 0   , 1
augmented_data\images\image_000117_aug0.png, 2   , 0.0   , 0.0   , 1   , 1
augmented_data\images\image_000117_aug1.png, 2   , 0.0   , 0.0   , 1   , 1
augmented_data\images\image_000117_aug2.png, 2   , 0.0   , 0.0   , 1   , 1
augmented_data\images\image_000117_aug3.png, 2   , 0.0   , 0.0   , 1   , 1
augmented_data\images\image_000117_aug4.png, 2   , 0.0   , 0.0   , 1   , 1
augmented_data\images\image_000118_aug0.png, 2   , 0.9531, 0.0537, 0   , 1
augmented_data\images\image_000118_aug1.png, 2   , 0.9531, 0.0537, 0   , 1
augmented_data\images\image_000118_aug2.png, 2   , 0.9531, 0.0537, 0   , 1
augmented_data\images\image_000118_aug3.png, 2   , 0.9531, 0.0537, 0   , 1
augmented_data\images\image_000118_aug4.png, 2   , 0.9531, 0.0537, 0   , 1
augmented_data\images\image_000119_aug0.png, 2   , 0.0   , 0.0   , 1   , 1
augmented_data\images\image_000119_aug1.png, 2   , 0.0   , 0.0   , 1   , 1
augmented_data\images\image_000119_aug2.png, 2   , 0.0   , 0.0   , 1   , 1
augmented_data\images\image_000119_aug3.png, 2   , 0.0   , 0.0   , 1   , 1
augmented_data\images\image_000119_aug4.png, 2   , 0.0   , 0.0   , 1   , 1
augmented_data\images\image_000120_aug0.png, 2   , 0.9656, 0.1833, 0   , 1
augmented_data\images\image_000120_aug1.png, 2   , 0.9656, 0.1833, 0   , 1
augmented_data\images\image_000120_aug2.png, 2   , 0.9656, 0.1833, 0   , 1
augmented_data\images\image_000120_aug3.png, 2   , 0.9656, 0.1833, 0   , 1
augmented_data\images\image_000120_aug4.png, 2   , 0.9656, 0.1833, 0   , 1
augmented_data\images\image_000121_aug0.png, 2   , 0.0   , 0.0   , 1   , 1
augmented_data\images\image_000121_aug1.png, 2   , 0.0   , 0.0   , 1   , 1
augmented_data\images\image_000121_aug2.png, 2   , 0.0   , 0.0   , 1   , 1
augmented_data\images\image_000121_aug3.png, 2   , 0.0   , 0.0   , 1   , 1
augmented_data\images\image_000121_aug4.png, 2   , 0.0   , 0.0   , 1   , 1
augmented_data\images\image_000122_aug0.png, 2   , 0.9531, 0.0537, 0   , 1
augmented_data\images\image_000122_aug1.png, 2   , 0.9531, 0.0537, 0   , 1
augmented_data\images\image_000122_aug2.png, 2   , 0.9531, 0.0537, 0   , 1
augmented_data\images\image_000122_aug3.png, 2   , 0.9531, 0.0537, 0   , 1
augmented_data\images\image_000122_aug4.png, 2   , 0.9531, 0.0537, 0   , 1
augmented_data\images\image_000123_aug0.png, 2   , 0.0   , 0.0   , 1   , 1
augmented_data\images\image_000123_aug1.png, 2   , 0.0   , 0.0   , 1   , 1
augmented_data\images\image_000123_aug2.png, 2   , 0.0   , 0.0   , 1   , 1
augmented_data\images\image_000123_aug3.png, 2   , 0.0   , 0.0   , 1   , 1
augmented_data\images\image_000123_aug4.png, 2   , 0.0   , 0.0   , 1   , 1
augmented_data\images\image_000124_aug0.png, 2   , 0.9656, 0.1833, 0   , 1
augmented_data\images\image_000124_aug1.png, 2   , 0.9656, 0.1833, 0   , 1
augmented_data\images\image_000124_aug2.png, 2   , 0.9656, 0.1833, 0   , 1
augmented_data\images\image_000124_aug3.png, 2   , 0.9656, 0.1833, 0   , 1
augmented_data\images\image_000124_aug4.png, 2   , 0.9656, 0.1833, 0   , 1
augmented_data\images\image_000125_aug0.png, 2   , 0.0   , 0.0   , 1   , 1
augmented_data\images\image_000125_aug1.png, 2   , 0.0   , 0.0   , 1   , 1
augmented_data\images\image_000125_aug2.png, 2   , 0.0   , 0.0   , 1   , 1
augmented_data\images\image_000125_aug3.png, 2   , 0.0   , 0.0   , 1   , 1
augmented_data\images\image_000125_aug4.png, 2   , 0.0   , 0.0   , 1   , 1
augmented_data\images\image_000126_aug0.png, 2   , 0.9531, 0.0537, 0   , 1
augmented_data\images\image_000126_aug1.png, 2   , 0.9531, 0.0537, 0   , 1
augmented_data\images\image_000126_aug2.png, 2   , 0.9531, 0.0537, 0   , 1
augmented_data\images\image_000126_aug3.png, 2   , 0.9531, 0.0537, 0   , 1
augmented_data\images\image_000126_aug4.png, 2   , 0.9531, 0.0537, 0   , 1
augmented_data\images\image_000127_aug0.png, 2   , 0.0   , 0.0   , 1   , 1
augmented_data\images\image_000127_aug1.png, 2   , 0.0   , 0.0   , 1   , 1
augmented_data\images\image_000127_aug2.png, 2   , 0.0   , 0.0   , 1   , 1
augmented_data\images\image_000127_aug3.png, 2   , 0.0   , 0.0   , 1   , 1
augmented_data\images\image_000127_aug4.png, 2   , 0.0   , 0.0   , 1   , 1
augmented_data\images\image_000128_aug0.png, 2   , 0.9656, 0.1833, 0   , 1
augmented_data\images\image_000128_aug1.png, 2   , 0.9656, 0.1833, 0   , 1
augmented_data\images\image_000128_aug2.png, 2   , 0.9656, 0.1833, 0   , 1
augmented_data\images\image_000128_aug3.png, 2   , 0.9656, 0.1833, 0   , 1
augmented_data\images\image_000128_aug4.png, 2   , 0.9656, 0.1833, 0   , 1
augmented_data\images\image_000129_aug0.png, 2   , 0.0   , 0.0   , 1   , 1
augmented_data\images\image_000129_aug1.png, 2   , 0.0   , 0.0   , 1   , 1
augmented_data\images\image_000129_aug2.png, 2   , 0.0   , 0.0   , 1   , 1
augmented_data\images\image_000129_aug3.png, 2   , 0.0   , 0.0   , 1   , 1
augmented_data\images\image_000129_aug4.png, 2   , 0.0   , 0.0   , 1   , 1
augmented_data\images\image_000130_aug0.png, 2   , 0.9531, 0.0537, 0   , 1
augmented_data\images\image_000130_aug1.png, 2   , 0.9531, 0.0537, 0   , 1
augmented_data\images\image_000130_aug2.png, 2   , 0.9531, 0.0537, 0   , 1
augmented_data\images\image_000130_aug3.png, 2   , 0.9531, 0.0537, 0   , 1
augmented_data\images\image_000130_aug4.png, 2   , 0.9531, 0.0537, 0   , 1
augmented_data\images\image_000131_aug0.png, 2   , 0.0   , 0.0   , 1   , 1
augmented_data\images\image_000131_aug1.png, 2   , 0.0   , 0.0   , 1   , 1
augmented_data\images\image_000131_aug2.png, 2   , 0.0   , 0.0   , 1   , 1
augmented_data\images\image_000131_aug3.png, 2   , 0.0   , 0.0   , 1   , 1
augmented_data\images\image_000131_aug4.png, 2   , 0.0   , 0.0   , 1   , 1
augmented_data\images\image_000132_aug0.png, 2   , 0.9656, 0.1833, 0   , 1
augmented_data\images\image_000132_aug1.png, 2   , 0.9656, 0.1833, 0   , 1
augmented_data\images\image_000132_aug2.png, 2   , 0.9656, 0.1833, 0   , 1
augmented_data\images\image_000132_aug3.png, 2   , 0.9656, 0.1833, 0   , 1
augmented_data\images\image_000132_aug4.png, 2   , 0.9656, 0.1833, 0   , 1
augmented_data\images\image_000133_aug0.png, 2   , 0.0   , 0.0   , 1   , 1
augmented_data\images\image_000133_aug1.png, 2   , 0.0   , 0.0   , 1   , 1
augmented_data\images\image_000133_aug2.png, 2   , 0.0   , 0.0   , 1   , 1
augmented_data\images\image_000133_aug3.png, 2   , 0.0   , 0.0   , 1   , 1
augmented_data\images\image_000133_aug4.png, 2   , 0.0   , 0.0   , 1   , 1
augmented_data\images\image_000134_aug0.png, 2   , 0.9531, 0.0537, 0   , 1
augmented_data\images\image_000134_aug1.png, 2   , 0.9531, 0.0537, 0   , 1
augmented_data\images\image_000134_aug2.png, 2   , 0.9531, 0.0537, 0   , 1
augmented_data\images\image_000134_aug3.png, 2   , 0.9531, 0.0537, 0   , 1
augmented_data\images\image_000134_aug4.png, 2   , 0.9531, 0.0537, 0   , 1
augmented_data\images\image_000135_aug0.png, 2   , 0.0   , 0.0   , 1   , 1
augmented_data\images\image_000135_aug1.png, 2   , 0.0   , 0.0   , 1   , 1
augmented_data\images\image_000135_aug2.png, 2   , 0.0   , 0.0   , 1   , 1
augmented_data\images\image_000135_aug3.png, 2   , 0.0   , 0.0   , 1   , 1
augmented_data\images\image_000135_aug4.png, 2   , 0.0   , 0.0   , 1   , 1
augmented_data\images\image_000136_aug0.png, 2   , 0.9656, 0.1833, 0   , 1
augmented_data\images\image_000136_aug1.png, 2   , 0.9656, 0.1833, 0   , 1
augmented_data\images\image_000136_aug2.png, 2   , 0.9656, 0.1833, 0   , 1
augmented_data\images\image_000136_aug3.png, 2   , 0.9656, 0.1833, 0   , 1
augmented_data\images\image_000136_aug4.png, 2   , 0.9656, 0.1833, 0   , 1
augmented_data\images\image_000137_aug0.png, 2   , 0.0   , 0.0   , 1   , 1
augmented_data\images\image_000137_aug1.png, 2   , 0.0   , 0.0   , 1   , 1
augmented_data\images\image_000137_aug2.png, 2   , 0.0   , 0.0   , 1   , 1
augmented_data\images\image_000137_aug3.png, 2   , 0.0   , 0.0   , 1   , 1
augmented_data\images\image_000137_aug4.png, 2   , 0.0   , 0.0   , 1   , 1
augmented_data\images\image_000138_aug0.png, 4   , 0.7646, 0.0722, 0   , 1
augmented_data\images\image_000138_aug1.png, 4   , 0.7646, 0.0722, 0   , 1
augmented_data\images\image_000138_aug2.png, 4   , 0.7646, 0.0722, 0   , 1
augmented_data\images\image_000138_aug3.png, 4   , 0.7646, 0.0722, 0   , 1
augmented_data\images\image_000138_aug4.png, 4   , 0.7646, 0.0722, 0   , 1
augmented_data\images\image_000139_aug0.png, 4   , 0.7677, 0.2556, 0   , 1
augmented_data\images\image_000139_aug1.png, 4   , 0.7677, 0.2556, 0   , 1
augmented_data\images\image_000139_aug2.png, 4   , 0.7677, 0.2556, 0   , 1
augmented_data\images\image_000139_aug3.png, 4   , 0.7677, 0.2556, 0   , 1
augmented_data\images\image_000139_aug4.png, 4   , 0.7677, 0.2556, 0   , 1
augmented_data\images\image_000140_aug0.png, 4   , 0.825 , 0.9185, 0   , 1
augmented_data\images\image_000140_aug1.png, 4   , 0.825 , 0.9185, 0   , 1
augmented_data\images\image_000140_aug2.png, 4   , 0.825 , 0.9185, 0   , 1
augmented_data\images\image_000140_aug3.png, 4   , 0.825 , 0.9185, 0   , 1
augmented_data\images\image_000140_aug4.png, 4   , 0.825 , 0.9185, 0   , 1
augmented_data\images\image_000141_aug0.png, 4   , 0.0   , 0.0   , 0   , 0
augmented_data\images\image_000141_aug1.png, 4   , 0.0   , 0.0   , 0   , 0
augmented_data\images\image_000141_aug2.png, 4   , 0.0   , 0.0   , 0   , 0
augmented_data\images\image_000141_aug3.png, 4   , 0.0   , 0.0   , 0   , 0
augmented_data\images\image_000141_aug4.png, 4   , 0.0   , 0.0   , 0   , 0
augmented_data\images\image_000142_aug0.png, 4   , 0.0   , 0.0   , 0   , 0
augmented_data\images\image_000142_aug1.png, 4   , 0.0   , 0.0   , 0   , 0
augmented_data\images\image_000142_aug2.png, 4   , 0.0   , 0.0   , 0   , 0
augmented_data\images\image_000142_aug3.png, 4   , 0.0   , 0.0   , 0   , 0
augmented_data\images\image_000142_aug4.png, 4   , 0.0   , 0.0   , 0   , 0
augmented_data\images\image_000143_aug0.png, 4   , 0.0   , 0.0   , 0   , 0
augmented_data\images\image_000143_aug1.png, 4   , 0.0   , 0.0   , 0   , 0
augmented_data\images\image_000143_aug2.png, 4   , 0.0   , 0.0   , 0   , 0
augmented_data\images\image_000143_aug3.png, 4   , 0.0   , 0.0   , 0   , 0
augmented_data\images\image_000143_aug4.png, 4   , 0.0   , 0.0   , 0   , 0
augmented_data\images\image_000144_aug0.png, 4   , 0.0   , 0.0   , 0   , 0
augmented_data\images\image_000144_aug1.png, 4   , 0.0   , 0.0   , 0   , 0
augmented_data\images\image_000144_aug2.png, 4   , 0.0   , 0.0   , 0   , 0
augmented_data\images\image_000144_aug3.png, 4   , 0.0   , 0.0   , 0   , 0
augmented_data\images\image_000144_aug4.png, 4   , 0.0   , 0.0   , 0   , 0
augmented_data\images\image_000145_aug0.png, 4   , 0.0   , 0.0   , 0   , 0
augmented_data\images\image_000145_aug1.png, 4   , 0.0   , 0.0   , 0   , 0
augmented_data\images\image_000145_aug2.png, 4   , 0.0   , 0.0   , 0   , 0
augmented_data\images\image_000145_aug3.png, 4   , 0.0   , 0.0   , 0   , 0
augmented_data\images\image_000145_aug4.png, 4   , 0.0   , 0.0   , 0   , 0
augmented_data\images\image_000146_aug0.png, 4   , 0.0   , 0.0   , 0   , 0
augmented_data\images\image_000146_aug1.png, 4   , 0.0   , 0.0   , 0   , 0
augmented_data\images\image_000146_aug2.png, 4   , 0.0   , 0.0   , 0   , 0
augmented_data\images\image_000146_aug3.png, 4   , 0.0   , 0.0   , 0   , 0
augmented_data\images\image_000146_aug4.png, 4   , 0.0   , 0.0   , 0   , 0
augmented_data\images\image_000147_aug0.png, 4   , 0.0   , 0.0   , 0   , 0
augmented_data\images\image_000147_aug1.png, 4   , 0.0   , 0.0   , 0   , 0
augmented_data\images\image_000147_aug2.png, 4   , 0.0   , 0.0   , 0   , 0
augmented_data\images\image_000147_aug3.png, 4   , 0.0   , 0.0   , 0   , 0
augmented_data\images\image_000147_aug4.png, 4   , 0.0   , 0.0   , 0   , 0
augmented_data\images\image_000148_aug0.png, 4   , 0.0   , 0.0   , 0   , 0
augmented_data\images\image_000148_aug1.png, 4   , 0.0   , 0.0   , 0   , 0
augmented_data\images\image_000148_aug2.png, 4   , 0.0   , 0.0   , 0   , 0
augmented_data\images\image_000148_aug3.png, 4   , 0.0   , 0.0   , 0   , 0
augmented_data\images\image_000148_aug4.png, 4   , 0.0   , 0.0   , 0   , 0
augmented_data\images\image_000149_aug0.png, 4   , 0.0   , 0.0   , 0   , 0
augmented_data\images\image_000149_aug1.png, 4   , 0.0   , 0.0   , 0   , 0
augmented_data\images\image_000149_aug2.png, 4   , 0.0   , 0.0   , 0   , 0
augmented_data\images\image_000149_aug3.png, 4   , 0.0   , 0.0   , 0   , 0
augmented_data\images\image_000149_aug4.png, 4   , 0.0   , 0.0   , 0   , 0
augmented_data\images\image_000150_aug0.png, 4   , 0.0   , 0.0   , 0   , 0
augmented_data\images\image_000150_aug1.png, 4   , 0.0   , 0.0   , 0   , 0
augmented_data\images\image_000150_aug2.png, 4   , 0.0   , 0.0   , 0   , 0
augmented_data\images\image_000150_aug3.png, 4   , 0.0   , 0.0   , 0   , 0
augmented_data\images\image_000150_aug4.png, 4   , 0.0   , 0.0   , 0   , 0
augmented_data\images\image_000151_aug0.png, 4   , 0.0   , 0.0   , 0   , 0
augmented_data\images\image_000151_aug1.png, 4   , 0.0   , 0.0   , 0   , 0
augmented_data\images\image_000151_aug2.png, 4   , 0.0   , 0.0   , 0   , 0
augmented_data\images\image_000151_aug3.png, 4   , 0.0   , 0.0   , 0   , 0
augmented_data\images\image_000151_aug4.png, 4   , 0.0   , 0.0   , 0   , 0
augmented_data\images\image_000152_aug0.png, 4   , 0.0   , 0.0   , 0   , 0
augmented_data\images\image_000152_aug1.png, 4   , 0.0   , 0.0   , 0   , 0
augmented_data\images\image_000152_aug2.png, 4   , 0.0   , 0.0   , 0   , 0
augmented_data\images\image_000152_aug3.png, 4   , 0.0   , 0.0   , 0   , 0
augmented_data\images\image_000152_aug4.png, 4   , 0.0   , 0.0   , 0   , 0
augmented_data\images\image_000153_aug0.png, 4   , 0.0   , 0.0   , 0   , 0
augmented_data\images\image_000153_aug1.png, 4   , 0.0   , 0.0   , 0   , 0
augmented_data\images\image_000153_aug2.png, 4   , 0.0   , 0.0   , 0   , 0
augmented_data\images\image_000153_aug3.png, 4   , 0.0   , 0.0   , 0   , 0
augmented_data\images\image_000153_aug4.png, 4   , 0.0   , 0.0   , 0   , 0
augmented_data\images\image_000154_aug0.png, 4   , 0.0   , 0.0   , 0   , 0
augmented_data\images\image_000154_aug1.png, 4   , 0.0   , 0.0   , 0   , 0
augmented_data\images\image_000154_aug2.png, 4   , 0.0   , 0.0   , 0   , 0
augmented_data\images\image_000154_aug3.png, 4   , 0.0   , 0.0   , 0   , 0
augmented_data\images\image_000154_aug4.png, 4   , 0.0   , 0.0   , 0   , 0
augmented_data\images\image_000155_aug0.png, 4   , 0.0   , 0.0   , 0   , 0
augmented_data\images\image_000155_aug1.png, 4   , 0.0   , 0.0   , 0   , 0
augmented_data\images\image_000155_aug2.png, 4   , 0.0   , 0.0   , 0   , 0
augmented_data\images\image_000155_aug3.png, 4   , 0.0   , 0.0   , 0   , 0
augmented_data\images\image_000155_aug4.png, 4   , 0.0   , 0.0   , 0   , 0
augmented_data\images\image_000156_aug0.png, 4   , 0.0   , 0.0   , 0   , 0
augmented_data\images\image_000156_aug1.png, 4   , 0.0   , 0.0   , 0   , 0
augmented_data\images\image_000156_aug2.png, 4   , 0.0   , 0.0   , 0   , 0
augmented_data\images\image_000156_aug3.png, 4   , 0.0   , 0.0   , 0   , 0
augmented_data\images\image_000156_aug4.png, 4   , 0.0   , 0.0   , 0   , 0
augmented_data\images\image_000157_aug0.png, 4   , 0.0   , 0.0   , 0   , 0
augmented_data\images\image_000157_aug1.png, 4   , 0.0   , 0.0   , 0   , 0
augmented_data\images\image_000157_aug2.png, 4   , 0.0   , 0.0   , 0   , 0
augmented_data\images\image_000157_aug3.png, 4   , 0.0   , 0.0   , 0   , 0
augmented_data\images\image_000157_aug4.png, 4   , 0.0   , 0.0   , 0   , 0
augmented_data\images\image_000158_aug0.png, 4   , 0.0   , 0.0   , 0   , 0
augmented_data\images\image_000158_aug1.png, 4   , 0.0   , 0.0   , 0   , 0
augmented_data\images\image_000158_aug2.png, 4   , 0.0   , 0.0   , 0   , 0
augmented_data\images\image_000158_aug3.png, 4   , 0.0   , 0.0   , 0   , 0
augmented_data\images\image_000158_aug4.png, 4   , 0.0   , 0.0   , 0   , 0
augmented_data\images\image_000159_aug0.png, 4   , 0.5021, 0.8833, 0   , 1
augmented_data\images\image_000159_aug1.png, 4   , 0.5021, 0.8833, 0   , 1
augmented_data\images\image_000159_aug2.png, 4   , 0.5021, 0.8833, 0   , 1
augmented_data\images\image_000159_aug3.png, 4   , 0.5021, 0.8833, 0   , 1
augmented_data\images\image_000159_aug4.png, 4   , 0.5021, 0.8833, 0   , 1
augmented_data\images\image_000160_aug0.png, 4   , 0.0   , 0.0   , 1   , 1
augmented_data\images\image_000160_aug1.png, 4   , 0.0   , 0.0   , 1   , 1
augmented_data\images\image_000160_aug2.png, 4   , 0.0   , 0.0   , 1   , 1
augmented_data\images\image_000160_aug3.png, 4   , 0.0   , 0.0   , 1   , 1
augmented_data\images\image_000160_aug4.png, 4   , 0.0   , 0.0   , 1   , 1
augmented_data\images\image_000161_aug0.png, 4   , 0.7646, 0.0722, 0   , 1
augmented_data\images\image_000161_aug1.png, 4   , 0.7646, 0.0722, 0   , 1
augmented_data\images\image_000161_aug2.png, 4   , 0.7646, 0.0722, 0   , 1
augmented_data\images\image_000161_aug3.png, 4   , 0.7646, 0.0722, 0   , 1
augmented_data\images\image_000161_aug4.png, 4   , 0.7646, 0.0722, 0   , 1
augmented_data\images\image_000162_aug0.png, 4   , 0.7677, 0.2556, 0   , 1
augmented_data\images\image_000162_aug1.png, 4   , 0.7677, 0.2556, 0   , 1
augmented_data\images\image_000162_aug2.png, 4   , 0.7677, 0.2556, 0   , 1
augmented_data\images\image_000162_aug3.png, 4   , 0.7677, 0.2556, 0   , 1
augmented_data\images\image_000162_aug4.png, 4   , 0.7677, 0.2556, 0   , 1
augmented_data\images\image_000163_aug0.png, 4   , 0.825 , 0.9185, 0   , 1
augmented_data\images\image_000163_aug1.png, 4   , 0.825 , 0.9185, 0   , 1
augmented_data\images\image_000163_aug2.png, 4   , 0.825 , 0.9185, 0   , 1
augmented_data\images\image_000163_aug3.png, 4   , 0.825 , 0.9185, 0   , 1
augmented_data\images\image_000163_aug4.png, 4   , 0.825 , 0.9185, 0   , 1
augmented_data\images\image_000164_aug0.png, 4   , 0.6885, 0.7741, 0   , 1
augmented_data\images\image_000164_aug1.png, 4   , 0.6885, 0.7741, 0   , 1
augmented_data\images\image_000164_aug2.png, 4   , 0.6885, 0.7741, 0   , 1
augmented_data\images\image_000164_aug3.png, 4   , 0.6885, 0.7741, 0   , 1
augmented_data\images\image_000164_aug4.png, 4   , 0.6885, 0.7741, 0   , 1
augmented_data\images\image_000165_aug0.png, 4   , 0.0   , 0.0   , 0   , 0
augmented_data\images\image_000165_aug1.png, 4   , 0.0   , 0.0   , 0   , 0
augmented_data\images\image_000165_aug2.png, 4   , 0.0   , 0.0   , 0   , 0
augmented_data\images\image_000165_aug3.png, 4   , 0.0   , 0.0   , 0   , 0
augmented_data\images\image_000165_aug4.png, 4   , 0.0   , 0.0   , 0   , 0
augmented_data\images\image_000166_aug0.png, 4   , 0.0   , 0.0   , 0   , 0
augmented_data\images\image_000166_aug1.png, 4   , 0.0   , 0.0   , 0   , 0
augmented_data\images\image_000166_aug2.png, 4   , 0.0   , 0.0   , 0   , 0
augmented_data\images\image_000166_aug3.png, 4   , 0.0   , 0.0   , 0   , 0
augmented_data\images\image_000166_aug4.png, 4   , 0.0   , 0.0   , 0   , 0
augmented_data\images\image_000167_aug0.png, 4   , 0.0   , 0.0   , 0   , 0
augmented_data\images\image_000167_aug1.png, 4   , 0.0   , 0.0   , 0   , 0
augmented_data\images\image_000167_aug2.png, 4   , 0.0   , 0.0   , 0   , 0
augmented_data\images\image_000167_aug3.png, 4   , 0.0   , 0.0   , 0   , 0
augmented_data\images\image_000167_aug4.png, 4   , 0.0   , 0.0   , 0   , 0
augmented_data\images\image_000168_aug0.png, 4   , 0.0   , 0.0   , 0   , 0
augmented_data\images\image_000168_aug1.png, 4   , 0.0   , 0.0   , 0   , 0
augmented_data\images\image_000168_aug2.png, 4   , 0.0   , 0.0   , 0   , 0
augmented_data\images\image_000168_aug3.png, 4   , 0.0   , 0.0   , 0   , 0
augmented_data\images\image_000168_aug4.png, 4   , 0.0   , 0.0   , 0   , 0
augmented_data\images\image_000169_aug0.png, 4   , 0.0   , 0.0   , 0   , 0
augmented_data\images\image_000169_aug1.png, 4   , 0.0   , 0.0   , 0   , 0
augmented_data\images\image_000169_aug2.png, 4   , 0.0   , 0.0   , 0   , 0
augmented_data\images\image_000169_aug3.png, 4   , 0.0   , 0.0   , 0   , 0
augmented_data\images\image_000169_aug4.png, 4   , 0.0   , 0.0   , 0   , 0
augmented_data\images\image_000170_aug0.png, 4   , 0.0   , 0.0   , 0   , 0
augmented_data\images\image_000170_aug1.png, 4   , 0.0   , 0.0   , 0   , 0
augmented_data\images\image_000170_aug2.png, 4   , 0.0   , 0.0   , 0   , 0
augmented_data\images\image_000170_aug3.png, 4   , 0.0   , 0.0   , 0   , 0
augmented_data\images\image_000170_aug4.png, 4   , 0.0   , 0.0   , 0   , 0
augmented_data\images\image_000171_aug0.png, 4   , 0.0   , 0.0   , 0   , 0
augmented_data\images\image_000171_aug1.png, 4   , 0.0   , 0.0   , 0   , 0
augmented_data\images\image_000171_aug2.png, 4   , 0.0   , 0.0   , 0   , 0
augmented_data\images\image_000171_aug3.png, 4   , 0.0   , 0.0   , 0   , 0
augmented_data\images\image_000171_aug4.png, 4   , 0.0   , 0.0   , 0   , 0
augmented_data\images\image_000172_aug0.png, 4   , 0.0   , 0.0   , 0   , 0
augmented_data\images\image_000172_aug1.png, 4   , 0.0   , 0.0   , 0   , 0
augmented_data\images\image_000172_aug2.png, 4   , 0.0   , 0.0   , 0   , 0
augmented_data\images\image_000172_aug3.png, 4   , 0.0   , 0.0   , 0   , 0
augmented_data\images\image_000172_aug4.png, 4   , 0.0   , 0.0   , 0   , 0
augmented_data\images\image_000173_aug0.png, 4   , 0.0   , 0.0   , 0   , 0
augmented_data\images\image_000173_aug1.png, 4   , 0.0   , 0.0   , 0   , 0
augmented_data\images\image_000173_aug2.png, 4   , 0.0   , 0.0   , 0   , 0
augmented_data\images\image_000173_aug3.png, 4   , 0.0   , 0.0   , 0   , 0
augmented_data\images\image_000173_aug4.png, 4   , 0.0   , 0.0   , 0   , 0
augmented_data\images\image_000174_aug0.png, 4   , 0.0   , 0.0   , 0   , 0
augmented_data\images\image_000174_aug1.png, 4   , 0.0   , 0.0   , 0   , 0
augmented_data\images\image_000174_aug2.png, 4   , 0.0   , 0.0   , 0   , 0
augmented_data\images\image_000174_aug3.png, 4   , 0.0   , 0.0   , 0   , 0
augmented_data\images\image_000174_aug4.png, 4   , 0.0   , 0.0   , 0   , 0
augmented_data\images\image_000175_aug0.png, 4   , 0.0   , 0.0   , 0   , 0
augmented_data\images\image_000175_aug1.png, 4   , 0.0   , 0.0   , 0   , 0
augmented_data\images\image_000175_aug2.png, 4   , 0.0   , 0.0   , 0   , 0
augmented_data\images\image_000175_aug3.png, 4   , 0.0   , 0.0   , 0   , 0
augmented_data\images\image_000175_aug4.png, 4   , 0.0   , 0.0   , 0   , 0
augmented_data\images\image_000176_aug0.png, 4   , 0.0   , 0.0   , 0   , 0
augmented_data\images\image_000176_aug1.png, 4   , 0.0   , 0.0   , 0   , 0
augmented_data\images\image_000176_aug2.png, 4   , 0.0   , 0.0   , 0   , 0
augmented_data\images\image_000176_aug3.png, 4   , 0.0   , 0.0   , 0   , 0
augmented_data\images\image_000176_aug4.png, 4   , 0.0   , 0.0   , 0   , 0
augmented_data\images\image_000177_aug0.png, 4   , 0.0   , 0.0   , 0   , 0
augmented_data\images\image_000177_aug1.png, 4   , 0.0   , 0.0   , 0   , 0
augmented_data\images\image_000177_aug2.png, 4   , 0.0   , 0.0   , 0   , 0
augmented_data\images\image_000177_aug3.png, 4   , 0.0   , 0.0   , 0   , 0
augmented_data\images\image_000177_aug4.png, 4   , 0.0   , 0.0   , 0   , 0
augmented_data\images\image_000178_aug0.png, 4   , 0.0   , 0.0   , 0   , 0
augmented_data\images\image_000178_aug1.png, 4   , 0.0   , 0.0   , 0   , 0
augmented_data\images\image_000178_aug2.png, 4   , 0.0   , 0.0   , 0   , 0
augmented_data\images\image_000178_aug3.png, 4   , 0.0   , 0.0   , 0   , 0
augmented_data\images\image_000178_aug4.png, 4   , 0.0   , 0.0   , 0   , 0
augmented_data\images\image_000179_aug0.png, 4   , 0.0   , 0.0   , 0   , 0
augmented_data\images\image_000179_aug1.png, 4   , 0.0   , 0.0   , 0   , 0
augmented_data\images\image_000179_aug2.png, 4   , 0.0   , 0.0   , 0   , 0
augmented_data\images\image_000179_aug3.png, 4   , 0.0   , 0.0   , 0   , 0
augmented_data\images\image_000179_aug4.png, 4   , 0.0   , 0.0   , 0   , 0
augmented_data\images\image_000180_aug0.png, 4   , 0.0   , 0.0   , 0   , 0
augmented_data\images\image_000180_aug1.png, 4   , 0.0   , 0.0   , 0   , 0
augmented_data\images\image_000180_aug2.png, 4   , 0.0   , 0.0   , 0   , 0
augmented_data\images\image_000180_aug3.png, 4   , 0.0   , 0.0   , 0   , 0
augmented_data\images\image_000180_aug4.png, 4   , 0.0   , 0.0   , 0   , 0
augmented_data\images\image_000181_aug0.png, 4   , 0.0   , 0.0   , 0   , 0
augmented_data\images\image_000181_aug1.png, 4   , 0.0   , 0.0   , 0   , 0
augmented_data\images\image_000181_aug2.png, 4   , 0.0   , 0.0   , 0   , 0
augmented_data\images\image_000181_aug3.png, 4   , 0.0   , 0.0   , 0   , 0
augmented_data\images\image_000181_aug4.png, 4   , 0.0   , 0.0   , 0   , 0
augmented_data\images\image_000182_aug0.png, 4   , 0.0   , 0.0   , 0   , 0
augmented_data\images\image_000182_aug1.png, 4   , 0.0   , 0.0   , 0   , 0
augmented_data\images\image_000182_aug2.png, 4   , 0.0   , 0.0   , 0   , 0
augmented_data\images\image_000182_aug3.png, 4   , 0.0   , 0.0   , 0   , 0
augmented_data\images\image_000182_aug4.png, 4   , 0.0   , 0.0   , 0   , 0
augmented_data\images\image_000183_aug0.png, 4   , 0.0   , 0.0   , 0   , 0
augmented_data\images\image_000183_aug1.png, 4   , 0.0   , 0.0   , 0   , 0
augmented_data\images\image_000183_aug2.png, 4   , 0.0   , 0.0   , 0   , 0
augmented_data\images\image_000183_aug3.png, 4   , 0.0   , 0.0   , 0   , 0
augmented_data\images\image_000183_aug4.png, 4   , 0.0   , 0.0   , 0   , 0
augmented_data\images\image_000184_aug0.png, 4   , 0.0   , 0.0   , 0   , 0
augmented_data\images\image_000184_aug1.png, 4   , 0.0   , 0.0   , 0   , 0
augmented_data\images\image_000184_aug2.png, 4   , 0.0   , 0.0   , 0   , 0
augmented_data\images\image_000184_aug3.png, 4   , 0.0   , 0.0   , 0   , 0
augmented_data\images\image_000184_aug4.png, 4   , 0.0   , 0.0   , 0   , 0
augmented_data\images\image_000185_aug0.png, 4   , 0.0   , 0.0   , 0   , 0
augmented_data\images\image_000185_aug1.png, 4   , 0.0   , 0.0   , 0   , 0
augmented_data\images\image_000185_aug2.png, 4   , 0.0   , 0.0   , 0   , 0
augmented_data\images\image_000185_aug3.png, 4   , 0.0   , 0.0   , 0   , 0
augmented_data\images\image_000185_aug4.png, 4   , 0.0   , 0.0   , 0   , 0
augmented_data\images\image_000186_aug0.png, 4   , 0.0   , 0.0   , 0   , 0
augmented_data\images\image_000186_aug1.png, 4   , 0.0   , 0.0   , 0   , 0
augmented_data\images\image_000186_aug2.png, 4   , 0.0   , 0.0   , 0   , 0
augmented_data\images\image_000186_aug3.png, 4   , 0.0   , 0.0   , 0   , 0
augmented_data\images\image_000186_aug4.png, 4   , 0.0   , 0.0   , 0   , 0
augmented_data\images\image_000187_aug0.png, 4   , 0.5021, 0.8833, 0   , 1
augmented_data\images\image_000187_aug1.png, 4   , 0.5021, 0.8833, 0   , 1
augmented_data\images\image_000187_aug2.png, 4   , 0.5021, 0.8833, 0   , 1
augmented_data\images\image_000187_aug3.png, 4   , 0.5021, 0.8833, 0   , 1
augmented_data\images\image_000187_aug4.png, 4   , 0.5021, 0.8833, 0   , 1
augmented_data\images\image_000188_aug0.png, 4   , 0.0   , 0.0   , 1   , 1
augmented_data\images\image_000188_aug1.png, 4   , 0.0   , 0.0   , 1   , 1
augmented_data\images\image_000188_aug2.png, 4   , 0.0   , 0.0   , 1   , 1
augmented_data\images\image_000188_aug3.png, 4   , 0.0   , 0.0   , 1   , 1
augmented_data\images\image_000188_aug4.png, 4   , 0.0   , 0.0   , 1   , 1
augmented_data\images\image_000189_aug0.png, 4   , 0.7677, 0.2556, 0   , 1
augmented_data\images\image_000189_aug1.png, 4   , 0.7677, 0.2556, 0   , 1
augmented_data\images\image_000189_aug2.png, 4   , 0.7677, 0.2556, 0   , 1
augmented_data\images\image_000189_aug3.png, 4   , 0.7677, 0.2556, 0   , 1
augmented_data\images\image_000189_aug4.png, 4   , 0.7677, 0.2556, 0   , 1
augmented_data\images\image_000190_aug0.png, 4   , 0.825 , 0.9185, 0   , 1
augmented_data\images\image_000190_aug1.png, 4   , 0.825 , 0.9185, 0   , 1
augmented_data\images\image_000190_aug2.png, 4   , 0.825 , 0.9185, 0   , 1
augmented_data\images\image_000190_aug3.png, 4   , 0.825 , 0.9185, 0   , 1
augmented_data\images\image_000190_aug4.png, 4   , 0.825 , 0.9185, 0   , 1
augmented_data\images\image_000191_aug0.png, 4   , 0.6885, 0.7741, 0   , 1
augmented_data\images\image_000191_aug1.png, 4   , 0.6885, 0.7741, 0   , 1
augmented_data\images\image_000191_aug2.png, 4   , 0.6885, 0.7741, 0   , 1
augmented_data\images\image_000191_aug3.png, 4   , 0.6885, 0.7741, 0   , 1
augmented_data\images\image_000191_aug4.png, 4   , 0.6885, 0.7741, 0   , 1
augmented_data\images\image_000192_aug0.png, 4   , 0.0   , 0.0   , 0   , 0
augmented_data\images\image_000192_aug1.png, 4   , 0.0   , 0.0   , 0   , 0
augmented_data\images\image_000192_aug2.png, 4   , 0.0   , 0.0   , 0   , 0
augmented_data\images\image_000192_aug3.png, 4   , 0.0   , 0.0   , 0   , 0
augmented_data\images\image_000192_aug4.png, 4   , 0.0   , 0.0   , 0   , 0
augmented_data\images\image_000193_aug0.png, 4   , 0.0   , 0.0   , 0   , 0
augmented_data\images\image_000193_aug1.png, 4   , 0.0   , 0.0   , 0   , 0
augmented_data\images\image_000193_aug2.png, 4   , 0.0   , 0.0   , 0   , 0
augmented_data\images\image_000193_aug3.png, 4   , 0.0   , 0.0   , 0   , 0
augmented_data\images\image_000193_aug4.png, 4   , 0.0   , 0.0   , 0   , 0
augmented_data\images\image_000194_aug0.png, 4   , 0.0   , 0.0   , 0   , 0
augmented_data\images\image_000194_aug1.png, 4   , 0.0   , 0.0   , 0   , 0
augmented_data\images\image_000194_aug2.png, 4   , 0.0   , 0.0   , 0   , 0
augmented_data\images\image_000194_aug3.png, 4   , 0.0   , 0.0   , 0   , 0
augmented_data\images\image_000194_aug4.png, 4   , 0.0   , 0.0   , 0   , 0
augmented_data\images\image_000195_aug0.png, 4   , 0.0   , 0.0   , 0   , 0
augmented_data\images\image_000195_aug1.png, 4   , 0.0   , 0.0   , 0   , 0
augmented_data\images\image_000195_aug2.png, 4   , 0.0   , 0.0   , 0   , 0
augmented_data\images\image_000195_aug3.png, 4   , 0.0   , 0.0   , 0   , 0
augmented_data\images\image_000195_aug4.png, 4   , 0.0   , 0.0   , 0   , 0
augmented_data\images\image_000196_aug0.png, 4   , 0.0   , 0.0   , 0   , 0
augmented_data\images\image_000196_aug1.png, 4   , 0.0   , 0.0   , 0   , 0
augmented_data\images\image_000196_aug2.png, 4   , 0.0   , 0.0   , 0   , 0
augmented_data\images\image_000196_aug3.png, 4   , 0.0   , 0.0   , 0   , 0
augmented_data\images\image_000196_aug4.png, 4   , 0.0   , 0.0   , 0   , 0
augmented_data\images\image_000197_aug0.png, 4   , 0.0   , 0.0   , 0   , 0
augmented_data\images\image_000197_aug1.png, 4   , 0.0   , 0.0   , 0   , 0
augmented_data\images\image_000197_aug2.png, 4   , 0.0   , 0.0   , 0   , 0
augmented_data\images\image_000197_aug3.png, 4   , 0.0   , 0.0   , 0   , 0
augmented_data\images\image_000197_aug4.png, 4   , 0.0   , 0.0   , 0   , 0
augmented_data\images\image_000198_aug0.png, 4   , 0.0   , 0.0   , 0   , 0
augmented_data\images\image_000198_aug1.png, 4   , 0.0   , 0.0   , 0   , 0
augmented_data\images\image_000198_aug2.png, 4   , 0.0   , 0.0   , 0   , 0
augmented_data\images\image_000198_aug3.png, 4   , 0.0   , 0.0   , 0   , 0
augmented_data\images\image_000198_aug4.png, 4   , 0.0   , 0.0   , 0   , 0
augmented_data\images\image_000199_aug0.png, 4   , 0.0   , 0.0   , 0   , 0
augmented_data\images\image_000199_aug1.png, 4   , 0.0   , 0.0   , 0   , 0
augmented_data\images\image_000199_aug2.png, 4   , 0.0   , 0.0   , 0   , 0
augmented_data\images\image_000199_aug3.png, 4   , 0.0   , 0.0   , 0   , 0
augmented_data\images\image_000199_aug4.png, 4   , 0.0   , 0.0   , 0   , 0
augmented_data\images\image_000200_aug0.png, 4   , 0.0   , 0.0   , 0   , 0
augmented_data\images\image_000200_aug1.png, 4   , 0.0   , 0.0   , 0   , 0
augmented_data\images\image_000200_aug2.png, 4   , 0.0   , 0.0   , 0   , 0
augmented_data\images\image_000200_aug3.png, 4   , 0.0   , 0.0   , 0   , 0
augmented_data\images\image_000200_aug4.png, 4   , 0.0   , 0.0   , 0   , 0
augmented_data\images\image_000201_aug0.png, 4   , 0.0   , 0.0   , 0   , 0
augmented_data\images\image_000201_aug1.png, 4   , 0.0   , 0.0   , 0   , 0
augmented_data\images\image_000201_aug2.png, 4   , 0.0   , 0.0   , 0   , 0
augmented_data\images\image_000201_aug3.png, 4   , 0.0   , 0.0   , 0   , 0
augmented_data\images\image_000201_aug4.png, 4   , 0.0   , 0.0   , 0   , 0
augmented_data\images\image_000202_aug0.png, 4   , 0.0   , 0.0   , 0   , 0
augmented_data\images\image_000202_aug1.png, 4   , 0.0   , 0.0   , 0   , 0
augmented_data\images\image_000202_aug2.png, 4   , 0.0   , 0.0   , 0   , 0
augmented_data\images\image_000202_aug3.png, 4   , 0.0   , 0.0   , 0   , 0
augmented_data\images\image_000202_aug4.png, 4   , 0.0   , 0.0   , 0   , 0
augmented_data\images\image_000203_aug0.png, 4   , 0.0   , 0.0   , 0   , 0
augmented_data\images\image_000203_aug1.png, 4   , 0.0   , 0.0   , 0   , 0
augmented_data\images\image_000203_aug2.png, 4   , 0.0   , 0.0   , 0   , 0
augmented_data\images\image_000203_aug3.png, 4   , 0.0   , 0.0   , 0   , 0
augmented_data\images\image_000203_aug4.png, 4   , 0.0   , 0.0   , 0   , 0
augmented_data\images\image_000204_aug0.png, 4   , 0.0   , 0.0   , 0   , 0
augmented_data\images\image_000204_aug1.png, 4   , 0.0   , 0.0   , 0   , 0
augmented_data\images\image_000204_aug2.png, 4   , 0.0   , 0.0   , 0   , 0
augmented_data\images\image_000204_aug3.png, 4   , 0.0   , 0.0   , 0   , 0
augmented_data\images\image_000204_aug4.png, 4   , 0.0   , 0.0   , 0   , 0
augmented_data\images\image_000205_aug0.png, 4   , 0.0   , 0.0   , 0   , 0
augmented_data\images\image_000205_aug1.png, 4   , 0.0   , 0.0   , 0   , 0
augmented_data\images\image_000205_aug2.png, 4   , 0.0   , 0.0   , 0   , 0
augmented_data\images\image_000205_aug3.png, 4   , 0.0   , 0.0   , 0   , 0
augmented_data\images\image_000205_aug4.png, 4   , 0.0   , 0.0   , 0   , 0
augmented_data\images\image_000206_aug0.png, 4   , 0.0   , 0.0   , 0   , 0
augmented_data\images\image_000206_aug1.png, 4   , 0.0   , 0.0   , 0   , 0
augmented_data\images\image_000206_aug2.png, 4   , 0.0   , 0.0   , 0   , 0
augmented_data\images\image_000206_aug3.png, 4   , 0.0   , 0.0   , 0   , 0
augmented_data\images\image_000206_aug4.png, 4   , 0.0   , 0.0   , 0   , 0
augmented_data\images\image_000207_aug0.png, 4   , 0.0   , 0.0   , 0   , 0
augmented_data\images\image_000207_aug1.png, 4   , 0.0   , 0.0   , 0   , 0
augmented_data\images\image_000207_aug2.png, 4   , 0.0   , 0.0   , 0   , 0
augmented_data\images\image_000207_aug3.png, 4   , 0.0   , 0.0   , 0   , 0
augmented_data\images\image_000207_aug4.png, 4   , 0.0   , 0.0   , 0   , 0
augmented_data\images\image_000208_aug0.png, 4   , 0.0   , 0.0   , 0   , 0
augmented_data\images\image_000208_aug1.png, 4   , 0.0   , 0.0   , 0   , 0
augmented_data\images\image_000208_aug2.png, 4   , 0.0   , 0.0   , 0   , 0
augmented_data\images\image_000208_aug3.png, 4   , 0.0   , 0.0   , 0   , 0
augmented_data\images\image_000208_aug4.png, 4   , 0.0   , 0.0   , 0   , 0
augmented_data\images\image_000209_aug0.png, 4   , 0.0   , 0.0   , 0   , 0
augmented_data\images\image_000209_aug1.png, 4   , 0.0   , 0.0   , 0   , 0
augmented_data\images\image_000209_aug2.png, 4   , 0.0   , 0.0   , 0   , 0
augmented_data\images\image_000209_aug3.png, 4   , 0.0   , 0.0   , 0   , 0
augmented_data\images\image_000209_aug4.png, 4   , 0.0   , 0.0   , 0   , 0
augmented_data\images\image_000210_aug0.png, 4   , 0.0   , 0.0   , 0   , 0
augmented_data\images\image_000210_aug1.png, 4   , 0.0   , 0.0   , 0   , 0
augmented_data\images\image_000210_aug2.png, 4   , 0.0   , 0.0   , 0   , 0
augmented_data\images\image_000210_aug3.png, 4   , 0.0   , 0.0   , 0   , 0
augmented_data\images\image_000210_aug4.png, 4   , 0.0   , 0.0   , 0   , 0
augmented_data\images\image_000211_aug0.png, 4   , 0.0   , 0.0   , 0   , 0
augmented_data\images\image_000211_aug1.png, 4   , 0.0   , 0.0   , 0   , 0
augmented_data\images\image_000211_aug2.png, 4   , 0.0   , 0.0   , 0   , 0
augmented_data\images\image_000211_aug3.png, 4   , 0.0   , 0.0   , 0   , 0
augmented_data\images\image_000211_aug4.png, 4   , 0.0   , 0.0   , 0   , 0
augmented_data\images\image_000212_aug0.png, 4   , 0.0   , 0.0   , 0   , 0
augmented_data\images\image_000212_aug1.png, 4   , 0.0   , 0.0   , 0   , 0
augmented_data\images\image_000212_aug2.png, 4   , 0.0   , 0.0   , 0   , 0
augmented_data\images\image_000212_aug3.png, 4   , 0.0   , 0.0   , 0   , 0
augmented_data\images\image_000212_aug4.png, 4   , 0.0   , 0.0   , 0   , 0
augmented_data\images\image_000213_aug0.png, 4   , 0.0   , 0.0   , 0   , 0
augmented_data\images\image_000213_aug1.png, 4   , 0.0   , 0.0   , 0   , 0
augmented_data\images\image_000213_aug2.png, 4   , 0.0   , 0.0   , 0   , 0
augmented_data\images\image_000213_aug3.png, 4   , 0.0   , 0.0   , 0   , 0
augmented_data\images\image_000213_aug4.png, 4   , 0.0   , 0.0   , 0   , 0
augmented_data\images\image_000214_aug0.png, 4   , 0.5021, 0.8833, 0   , 1
augmented_data\images\image_000214_aug1.png, 4   , 0.5021, 0.8833, 0   , 1
augmented_data\images\image_000214_aug2.png, 4   , 0.5021, 0.8833, 0   , 1
augmented_data\images\image_000214_aug3.png, 4   , 0.5021, 0.8833, 0   , 1
augmented_data\images\image_000214_aug4.png, 4   , 0.5021, 0.8833, 0   , 1
augmented_data\images\image_000215_aug0.png, 4   , 0.0   , 0.0   , 1   , 1
augmented_data\images\image_000215_aug1.png, 4   , 0.0   , 0.0   , 1   , 1
augmented_data\images\image_000215_aug2.png, 4   , 0.0   , 0.0   , 1   , 1
augmented_data\images\image_000215_aug3.png, 4   , 0.0   , 0.0   , 1   , 1
augmented_data\images\image_000215_aug4.png, 4   , 0.0   , 0.0   , 1   , 1
augmented_data\images\image_000216_aug0.png, 4   , 0.7646, 0.0722, 0   , 1
augmented_data\images\image_000216_aug1.png, 4   , 0.7646, 0.0722, 0   , 1
augmented_data\images\image_000216_aug2.png, 4   , 0.7646, 0.0722, 0   , 1
augmented_data\images\image_000216_aug3.png, 4   , 0.7646, 0.0722, 0   , 1
augmented_data\images\image_000216_aug4.png, 4   , 0.7646, 0.0722, 0   , 1
augmented_data\images\image_000217_aug0.png, 4   , 0.7677, 0.2556, 0   , 1
augmented_data\images\image_000217_aug1.png, 4   , 0.7677, 0.2556, 0   , 1
augmented_data\images\image_000217_aug2.png, 4   , 0.7677, 0.2556, 0   , 1
augmented_data\images\image_000217_aug3.png, 4   , 0.7677, 0.2556, 0   , 1
augmented_data\images\image_000217_aug4.png, 4   , 0.7677, 0.2556, 0   , 1
augmented_data\images\image_000218_aug0.png, 4   , 0.825 , 0.9185, 0   , 1
augmented_data\images\image_000218_aug1.png, 4   , 0.825 , 0.9185, 0   , 1
augmented_data\images\image_000218_aug2.png, 4   , 0.825 , 0.9185, 0   , 1
augmented_data\images\image_000218_aug3.png, 4   , 0.825 , 0.9185, 0   , 1
augmented_data\images\image_000218_aug4.png, 4   , 0.825 , 0.9185, 0   , 1
augmented_data\images\image_000219_aug0.png, 4   , 0.6885, 0.7741, 0   , 1
augmented_data\images\image_000219_aug1.png, 4   , 0.6885, 0.7741, 0   , 1
augmented_data\images\image_000219_aug2.png, 4   , 0.6885, 0.7741, 0   , 1
augmented_data\images\image_000219_aug3.png, 4   , 0.6885, 0.7741, 0   , 1
augmented_data\images\image_000219_aug4.png, 4   , 0.6885, 0.7741, 0   , 1
augmented_data\images\image_000220_aug0.png, 4   , 0.0   , 0.0   , 0   , 0
augmented_data\images\image_000220_aug1.png, 4   , 0.0   , 0.0   , 0   , 0
augmented_data\images\image_000220_aug2.png, 4   , 0.0   , 0.0   , 0   , 0
augmented_data\images\image_000220_aug3.png, 4   , 0.0   , 0.0   , 0   , 0
augmented_data\images\image_000220_aug4.png, 4   , 0.0   , 0.0   , 0   , 0
augmented_data\images\image_000221_aug0.png, 4   , 0.0   , 0.0   , 0   , 0
augmented_data\images\image_000221_aug1.png, 4   , 0.0   , 0.0   , 0   , 0
augmented_data\images\image_000221_aug2.png, 4   , 0.0   , 0.0   , 0   , 0
augmented_data\images\image_000221_aug3.png, 4   , 0.0   , 0.0   , 0   , 0
augmented_data\images\image_000221_aug4.png, 4   , 0.0   , 0.0   , 0   , 0
augmented_data\images\image_000222_aug0.png, 4   , 0.0   , 0.0   , 0   , 0
augmented_data\images\image_000222_aug1.png, 4   , 0.0   , 0.0   , 0   , 0
augmented_data\images\image_000222_aug2.png, 4   , 0.0   , 0.0   , 0   , 0
augmented_data\images\image_000222_aug3.png, 4   , 0.0   , 0.0   , 0   , 0
augmented_data\images\image_000222_aug4.png, 4   , 0.0   , 0.0   , 0   , 0
augmented_data\images\image_000223_aug0.png, 4   , 0.0   , 0.0   , 0   , 0
augmented_data\images\image_000223_aug1.png, 4   , 0.0   , 0.0   , 0   , 0
augmented_data\images\image_000223_aug2.png, 4   , 0.0   , 0.0   , 0   , 0
augmented_data\images\image_000223_aug3.png, 4   , 0.0   , 0.0   , 0   , 0
augmented_data\images\image_000223_aug4.png, 4   , 0.0   , 0.0   , 0   , 0
augmented_data\images\image_000224_aug0.png, 4   , 0.0   , 0.0   , 0   , 0
augmented_data\images\image_000224_aug1.png, 4   , 0.0   , 0.0   , 0   , 0
augmented_data\images\image_000224_aug2.png, 4   , 0.0   , 0.0   , 0   , 0
augmented_data\images\image_000224_aug3.png, 4   , 0.0   , 0.0   , 0   , 0
augmented_data\images\image_000224_aug4.png, 4   , 0.0   , 0.0   , 0   , 0
augmented_data\images\image_000225_aug0.png, 4   , 0.0   , 0.0   , 0   , 0
augmented_data\images\image_000225_aug1.png, 4   , 0.0   , 0.0   , 0   , 0
augmented_data\images\image_000225_aug2.png, 4   , 0.0   , 0.0   , 0   , 0
augmented_data\images\image_000225_aug3.png, 4   , 0.0   , 0.0   , 0   , 0
augmented_data\images\image_000225_aug4.png, 4   , 0.0   , 0.0   , 0   , 0
augmented_data\images\image_000226_aug0.png, 4   , 0.0   , 0.0   , 0   , 0
augmented_data\images\image_000226_aug1.png, 4   , 0.0   , 0.0   , 0   , 0
augmented_data\images\image_000226_aug2.png, 4   , 0.0   , 0.0   , 0   , 0
augmented_data\images\image_000226_aug3.png, 4   , 0.0   , 0.0   , 0   , 0
augmented_data\images\image_000226_aug4.png, 4   , 0.0   , 0.0   , 0   , 0
augmented_data\images\image_000227_aug0.png, 4   , 0.0   , 0.0   , 0   , 0
augmented_data\images\image_000227_aug1.png, 4   , 0.0   , 0.0   , 0   , 0
augmented_data\images\image_000227_aug2.png, 4   , 0.0   , 0.0   , 0   , 0
augmented_data\images\image_000227_aug3.png, 4   , 0.0   , 0.0   , 0   , 0
augmented_data\images\image_000227_aug4.png, 4   , 0.0   , 0.0   , 0   , 0
augmented_data\images\image_000228_aug0.png, 4   , 0.5021, 0.8833, 0   , 1
augmented_data\images\image_000228_aug1.png, 4   , 0.5021, 0.8833, 0   , 1
augmented_data\images\image_000228_aug2.png, 4   , 0.5021, 0.8833, 0   , 1
augmented_data\images\image_000228_aug3.png, 4   , 0.5021, 0.8833, 0   , 1
augmented_data\images\image_000228_aug4.png, 4   , 0.5021, 0.8833, 0   , 1
augmented_data\images\image_000229_aug0.png, 4   , 0.0   , 0.0   , 1   , 1
augmented_data\images\image_000229_aug1.png, 4   , 0.0   , 0.0   , 1   , 1
augmented_data\images\image_000229_aug2.png, 4   , 0.0   , 0.0   , 1   , 1
augmented_data\images\image_000229_aug3.png, 4   , 0.0   , 0.0   , 1   , 1
augmented_data\images\image_000229_aug4.png, 4   , 0.0   , 0.0   , 1   , 1
augmented_data\images\image_000230_aug0.png, 4   , 0.7646, 0.0722, 0   , 1
augmented_data\images\image_000230_aug1.png, 4   , 0.7646, 0.0722, 0   , 1
augmented_data\images\image_000230_aug2.png, 4   , 0.7646, 0.0722, 0   , 1
augmented_data\images\image_000230_aug3.png, 4   , 0.7646, 0.0722, 0   , 1
augmented_data\images\image_000230_aug4.png, 4   , 0.7646, 0.0722, 0   , 1
augmented_data\images\image_000231_aug0.png, 4   , 0.7677, 0.2556, 0   , 1
augmented_data\images\image_000231_aug1.png, 4   , 0.7677, 0.2556, 0   , 1
augmented_data\images\image_000231_aug2.png, 4   , 0.7677, 0.2556, 0   , 1
augmented_data\images\image_000231_aug3.png, 4   , 0.7677, 0.2556, 0   , 1
augmented_data\images\image_000231_aug4.png, 4   , 0.7677, 0.2556, 0   , 1
augmented_data\images\image_000232_aug0.png, 4   , 0.825 , 0.9185, 0   , 1
augmented_data\images\image_000232_aug1.png, 4   , 0.825 , 0.9185, 0   , 1
augmented_data\images\image_000232_aug2.png, 4   , 0.825 , 0.9185, 0   , 1
augmented_data\images\image_000232_aug3.png, 4   , 0.825 , 0.9185, 0   , 1
augmented_data\images\image_000232_aug4.png, 4   , 0.825 , 0.9185, 0   , 1
augmented_data\images\image_000233_aug0.png, 4   , 0.6885, 0.7741, 0   , 1
augmented_data\images\image_000233_aug1.png, 4   , 0.6885, 0.7741, 0   , 1
augmented_data\images\image_000233_aug2.png, 4   , 0.6885, 0.7741, 0   , 1
augmented_data\images\image_000233_aug3.png, 4   , 0.6885, 0.7741, 0   , 1
augmented_data\images\image_000233_aug4.png, 4   , 0.6885, 0.7741, 0   , 1
augmented_data\images\image_000234_aug0.png, 4   , 0.0   , 0.0   , 0   , 0
augmented_data\images\image_000234_aug1.png, 4   , 0.0   , 0.0   , 0   , 0
augmented_data\images\image_000234_aug2.png, 4   , 0.0   , 0.0   , 0   , 0
augmented_data\images\image_000234_aug3.png, 4   , 0.0   , 0.0   , 0   , 0
augmented_data\images\image_000234_aug4.png, 4   , 0.0   , 0.0   , 0   , 0
augmented_data\images\image_000235_aug0.png, 4   , 0.0   , 0.0   , 0   , 0
augmented_data\images\image_000235_aug1.png, 4   , 0.0   , 0.0   , 0   , 0
augmented_data\images\image_000235_aug2.png, 4   , 0.0   , 0.0   , 0   , 0
augmented_data\images\image_000235_aug3.png, 4   , 0.0   , 0.0   , 0   , 0
augmented_data\images\image_000235_aug4.png, 4   , 0.0   , 0.0   , 0   , 0
augmented_data\images\image_000236_aug0.png, 4   , 0.0   , 0.0   , 0   , 0
augmented_data\images\image_000236_aug1.png, 4   , 0.0   , 0.0   , 0   , 0
augmented_data\images\image_000236_aug2.png, 4   , 0.0   , 0.0   , 0   , 0
augmented_data\images\image_000236_aug3.png, 4   , 0.0   , 0.0   , 0   , 0
augmented_data\images\image_000236_aug4.png, 4   , 0.0   , 0.0   , 0   , 0
augmented_data\images\image_000237_aug0.png, 4   , 0.0   , 0.0   , 0   , 0
augmented_data\images\image_000237_aug1.png, 4   , 0.0   , 0.0   , 0   , 0
augmented_data\images\image_000237_aug2.png, 4   , 0.0   , 0.0   , 0   , 0
augmented_data\images\image_000237_aug3.png, 4   , 0.0   , 0.0   , 0   , 0
augmented_data\images\image_000237_aug4.png, 4   , 0.0   , 0.0   , 0   , 0
augmented_data\images\image_000238_aug0.png, 4   , 0.0   , 0.0   , 0   , 0
augmented_data\images\image_000238_aug1.png, 4   , 0.0   , 0.0   , 0   , 0
augmented_data\images\image_000238_aug2.png, 4   , 0.0   , 0.0   , 0   , 0
augmented_data\images\image_000238_aug3.png, 4   , 0.0   , 0.0   , 0   , 0
augmented_data\images\image_000238_aug4.png, 4   , 0.0   , 0.0   , 0   , 0
augmented_data\images\image_000239_aug0.png, 4   , 0.0   , 0.0   , 0   , 0
augmented_data\images\image_000239_aug1.png, 4   , 0.0   , 0.0   , 0   , 0
augmented_data\images\image_000239_aug2.png, 4   , 0.0   , 0.0   , 0   , 0
augmented_data\images\image_000239_aug3.png, 4   , 0.0   , 0.0   , 0   , 0
augmented_data\images\image_000239_aug4.png, 4   , 0.0   , 0.0   , 0   , 0
augmented_data\images\image_000240_aug0.png, 4   , 0.0   , 0.0   , 0   , 0
augmented_data\images\image_000240_aug1.png, 4   , 0.0   , 0.0   , 0   , 0
augmented_data\images\image_000240_aug2.png, 4   , 0.0   , 0.0   , 0   , 0
augmented_data\images\image_000240_aug3.png, 4   , 0.0   , 0.0   , 0   , 0
augmented_data\images\image_000240_aug4.png, 4   , 0.0   , 0.0   , 0   , 0
augmented_data\images\image_000241_aug0.png, 4   , 0.0   , 0.0   , 1   , 1
augmented_data\images\image_000241_aug1.png, 4   , 0.0   , 0.0   , 1   , 1
augmented_data\images\image_000241_aug2.png, 4   , 0.0   , 0.0   , 1   , 1
augmented_data\images\image_000241_aug3.png, 4   , 0.0   , 0.0   , 1   , 1
augmented_data\images\image_000241_aug4.png, 4   , 0.0   , 0.0   , 1   , 1
augmented_data\images\image_000242_aug0.png, 4   , 0.7646, 0.0722, 0   , 1
augmented_data\images\image_000242_aug1.png, 4   , 0.7646, 0.0722, 0   , 1
augmented_data\images\image_000242_aug2.png, 4   , 0.7646, 0.0722, 0   , 1
augmented_data\images\image_000242_aug3.png, 4   , 0.7646, 0.0722, 0   , 1
augmented_data\images\image_000242_aug4.png, 4   , 0.7646, 0.0722, 0   , 1
augmented_data\images\image_000243_aug0.png, 4   , 0.7677, 0.2556, 0   , 1
augmented_data\images\image_000243_aug1.png, 4   , 0.7677, 0.2556, 0   , 1
augmented_data\images\image_000243_aug2.png, 4   , 0.7677, 0.2556, 0   , 1
augmented_data\images\image_000243_aug3.png, 4   , 0.7677, 0.2556, 0   , 1
augmented_data\images\image_000243_aug4.png, 4   , 0.7677, 0.2556, 0   , 1
augmented_data\images\image_000244_aug0.png, 4   , 0.6885, 0.7741, 0   , 1
augmented_data\images\image_000244_aug1.png, 4   , 0.6885, 0.7741, 0   , 1
augmented_data\images\image_000244_aug2.png, 4   , 0.6885, 0.7741, 0   , 1
augmented_data\images\image_000244_aug3.png, 4   , 0.6885, 0.7741, 0   , 1
augmented_data\images\image_000244_aug4.png, 4   , 0.6885, 0.7741, 0   , 1
augmented_data\images\image_000245_aug0.png, 6   , 0.1729, 0.7222, 0   , 1
augmented_data\images\image_000245_aug1.png, 6   , 0.1729, 0.7222, 0   , 1
augmented_data\images\image_000245_aug2.png, 6   , 0.1729, 0.7222, 0   , 1
augmented_data\images\image_000245_aug3.png, 6   , 0.1729, 0.7222, 0   , 1
augmented_data\images\image_000245_aug4.png, 6   , 0.1729, 0.7222, 0   , 1
augmented_data\images\image_000246_aug0.png, 6   , 0.6365, 0.7148, 0   , 1
augmented_data\images\image_000246_aug1.png, 6   , 0.6365, 0.7148, 0   , 1
augmented_data\images\image_000246_aug2.png, 6   , 0.6365, 0.7148, 0   , 1
augmented_data\images\image_000246_aug3.png, 6   , 0.6365, 0.7148, 0   , 1
augmented_data\images\image_000246_aug4.png, 6   , 0.6365, 0.7148, 0   , 1
augmented_data\images\image_000247_aug0.png, 6   , 0.0   , 0.0   , 1   , 1
augmented_data\images\image_000247_aug1.png, 6   , 0.0   , 0.0   , 1   , 1
augmented_data\images\image_000247_aug2.png, 6   , 0.0   , 0.0   , 1   , 1
augmented_data\images\image_000247_aug3.png, 6   , 0.0   , 0.0   , 1   , 1
augmented_data\images\image_000247_aug4.png, 6   , 0.0   , 0.0   , 1   , 1
augmented_data\images\image_000248_aug0.png, 7   , 0.0521, 0.0926, 0   , 1
augmented_data\images\image_000248_aug1.png, 7   , 0.0521, 0.0926, 0   , 1
augmented_data\images\image_000248_aug2.png, 7   , 0.0521, 0.0926, 0   , 1
augmented_data\images\image_000248_aug3.png, 7   , 0.0521, 0.0926, 0   , 1
augmented_data\images\image_000248_aug4.png, 7   , 0.0521, 0.0926, 0   , 1
augmented_data\images\image_000249_aug0.png, 7   , 0.7688, 0.6426, 0   , 1
augmented_data\images\image_000249_aug1.png, 7   , 0.7688, 0.6426, 0   , 1
augmented_data\images\image_000249_aug2.png, 7   , 0.7688, 0.6426, 0   , 1
augmented_data\images\image_000249_aug3.png, 7   , 0.7688, 0.6426, 0   , 1
augmented_data\images\image_000249_aug4.png, 7   , 0.7688, 0.6426, 0   , 1
augmented_data\images\image_000250_aug0.png, 7   , 0.0   , 0.0   , 1   , 1
augmented_data\images\image_000250_aug1.png, 7   , 0.0   , 0.0   , 1   , 1
augmented_data\images\image_000250_aug2.png, 7   , 0.0   , 0.0   , 1   , 1
augmented_data\images\image_000250_aug3.png, 7   , 0.0   , 0.0   , 1   , 1
augmented_data\images\image_000250_aug4.png, 7   , 0.0   , 0.0   , 1   , 1
augmented_data\images\image_000251_aug0.png, 7   , 0.0521, 0.0926, 0   , 1
augmented_data\images\image_000251_aug1.png, 7   , 0.0521, 0.0926, 0   , 1
augmented_data\images\image_000251_aug2.png, 7   , 0.0521, 0.0926, 0   , 1
augmented_data\images\image_000251_aug3.png, 7   , 0.0521, 0.0926, 0   , 1
augmented_data\images\image_000251_aug4.png, 7   , 0.0521, 0.0926, 0   , 1
augmented_data\images\image_000252_aug0.png, 7   , 0.7688, 0.6426, 0   , 1
augmented_data\images\image_000252_aug1.png, 7   , 0.7688, 0.6426, 0   , 1
augmented_data\images\image_000252_aug2.png, 7   , 0.7688, 0.6426, 0   , 1
augmented_data\images\image_000252_aug3.png, 7   , 0.7688, 0.6426, 0   , 1
augmented_data\images\image_000252_aug4.png, 7   , 0.7688, 0.6426, 0   , 1
augmented_data\images\image_000253_aug0.png, 7   , 0.0   , 0.0   , 1   , 1
augmented_data\images\image_000253_aug1.png, 7   , 0.0   , 0.0   , 1   , 1
augmented_data\images\image_000253_aug2.png, 7   , 0.0   , 0.0   , 1   , 1
augmented_data\images\image_000253_aug3.png, 7   , 0.0   , 0.0   , 1   , 1
augmented_data\images\image_000253_aug4.png, 7   , 0.0   , 0.0   , 1   , 1
augmented_data\images\image_000254_aug0.png, 7   , 0.0521, 0.0926, 0   , 1
augmented_data\images\image_000254_aug1.png, 7   , 0.0521, 0.0926, 0   , 1
augmented_data\images\image_000254_aug2.png, 7   , 0.0521, 0.0926, 0   , 1
augmented_data\images\image_000254_aug3.png, 7   , 0.0521, 0.0926, 0   , 1
augmented_data\images\image_000254_aug4.png, 7   , 0.0521, 0.0926, 0   , 1
augmented_data\images\image_000255_aug0.png, 7   , 0.7688, 0.6426, 0   , 1
augmented_data\images\image_000255_aug1.png, 7   , 0.7688, 0.6426, 0   , 1
augmented_data\images\image_000255_aug2.png, 7   , 0.7688, 0.6426, 0   , 1
augmented_data\images\image_000255_aug3.png, 7   , 0.7688, 0.6426, 0   , 1
augmented_data\images\image_000255_aug4.png, 7   , 0.7688, 0.6426, 0   , 1
augmented_data\images\image_000256_aug0.png, 7   , 0.0   , 0.0   , 1   , 1
augmented_data\images\image_000256_aug1.png, 7   , 0.0   , 0.0   , 1   , 1
augmented_data\images\image_000256_aug2.png, 7   , 0.0   , 0.0   , 1   , 1
augmented_data\images\image_000256_aug3.png, 7   , 0.0   , 0.0   , 1   , 1
augmented_data\images\image_000256_aug4.png, 7   , 0.0   , 0.0   , 1   , 1
augmented_data\images\image_000257_aug0.png, 7   , 0.7688, 0.6426, 0   , 1
augmented_data\images\image_000257_aug1.png, 7   , 0.7688, 0.6426, 0   , 1
augmented_data\images\image_000257_aug2.png, 7   , 0.7688, 0.6426, 0   , 1
augmented_data\images\image_000257_aug3.png, 7   , 0.7688, 0.6426, 0   , 1
augmented_data\images\image_000257_aug4.png, 7   , 0.7688, 0.6426, 0   , 1
augmented_data\images\image_000258_aug0.png, 7   , 0.0   , 0.0   , 1   , 1
augmented_data\images\image_000258_aug1.png, 7   , 0.0   , 0.0   , 1   , 1
augmented_data\images\image_000258_aug2.png, 7   , 0.0   , 0.0   , 1   , 1
augmented_data\images\image_000258_aug3.png, 7   , 0.0   , 0.0   , 1   , 1
augmented_data\images\image_000258_aug4.png, 7   , 0.0   , 0.0   , 1   , 1
augmented_data\images\image_000259_aug0.png, 7   , 0.7688, 0.6426, 0   , 1
augmented_data\images\image_000259_aug1.png, 7   , 0.7688, 0.6426, 0   , 1
augmented_data\images\image_000259_aug2.png, 7   , 0.7688, 0.6426, 0   , 1
augmented_data\images\image_000259_aug3.png, 7   , 0.7688, 0.6426, 0   , 1
augmented_data\images\image_000259_aug4.png, 7   , 0.7688, 0.6426, 0   , 1
augmented_data\images\image_000260_aug0.png, 7   , 0.0   , 0.0   , 1   , 1
augmented_data\images\image_000260_aug1.png, 7   , 0.0   , 0.0   , 1   , 1
augmented_data\images\image_000260_aug2.png, 7   , 0.0   , 0.0   , 1   , 1
augmented_data\images\image_000260_aug3.png, 7   , 0.0   , 0.0   , 1   , 1
augmented_data\images\image_000260_aug4.png, 7   , 0.0   , 0.0   , 1   , 1
augmented_data\images\image_000261_aug0.png, 11  , 0.175 , 0.613 , 0   , 1
augmented_data\images\image_000261_aug1.png, 11  , 0.175 , 0.613 , 0   , 1
augmented_data\images\image_000261_aug2.png, 11  , 0.175 , 0.613 , 0   , 1
augmented_data\images\image_000261_aug3.png, 11  , 0.175 , 0.613 , 0   , 1
augmented_data\images\image_000261_aug4.png, 11  , 0.175 , 0.613 , 0   , 1
augmented_data\images\image_000262_aug0.png, 11  , 0.7198, 0.8315, 0   , 1
augmented_data\images\image_000262_aug1.png, 11  , 0.7198, 0.8315, 0   , 1
augmented_data\images\image_000262_aug2.png, 11  , 0.7198, 0.8315, 0   , 1
augmented_data\images\image_000262_aug3.png, 11  , 0.7198, 0.8315, 0   , 1
augmented_data\images\image_000262_aug4.png, 11  , 0.7198, 0.8315, 0   , 1
augmented_data\images\image_000263_aug0.png, 11  , 0.0   , 0.0   , 1   , 1
augmented_data\images\image_000263_aug1.png, 11  , 0.0   , 0.0   , 1   , 1
augmented_data\images\image_000263_aug2.png, 11  , 0.0   , 0.0   , 1   , 1
augmented_data\images\image_000263_aug3.png, 11  , 0.0   , 0.0   , 1   , 1
augmented_data\images\image_000263_aug4.png, 11  , 0.0   , 0.0   , 1   , 1
